FID,code,id,oldnr,newnr,oldstatus,newstatus,change,ok
983,10,0,0,66,NEW,FIX,1,1
984,11,0,0,27,NEW,FIX,1,1
985,12,0,0,14,NEW,FIX,1,1
986,13,0,0,97,NEW,FIX,1,1
987,14,0,0,24,NEW,FIX,1,1
988,15,0,0,86,NEW,FIX,1,1
989,16,0,0,67,NEW,FIX,1,1
990,17,0,0,61,NEW,FIX,1,1
991,18,0,0,1,NEW,FIX,1,1
992,19,0,0,47,NEW,FIX,1,1
1019,20,0,0,2,NEW,FIX,1,1
1020,21,0,0,29,NEW,FIX,1,1
1021,22,0,0,59,NEW,FIX,1,1
1022,23,0,0,78,NEW,FIX,1,1
1023,24,0,0,47,NEW,FIX,1,1
1024,25,0,0,57,NEW,FIX,1,1
1025,26,0,0,97,NEW,FIX,1,1
1155,27,0,0,63,NEW,FIX,1,1
1156,28,0,0,44,NEW,FIX,1,1
1026,29,0,0,4,NEW,FIX,1,1
1047,30,0,0,8,NEW,FIX,1,1
1048,31,0,0,94,NEW,FIX,1,1
1049,32,0,0,59,NEW,FIX,1,1
1050,33,0,0,21,NEW,FIX,1,1
1060,34,0,0,58,NEW,FIX,1,1
1061,35,0,0,13,NEW,FIX,1,1
1057,36,0,0,63,NEW,FIX,1,1
1157,37,0,0,58,NEW,FIX,1,1
1058,38,0,0,88,NEW,FIX,1,1
1059,39,0,0,18,NEW,FIX,1,1
1086,40,0,0,18,NEW,FIX,1,1
1084,41,0,0,57,NEW,FIX,1,1
1085,42,0,0,38,NEW,FIX,1,1
1090,43,0,0,80,NEW,FIX,1,1
1091,44,0,0,17,NEW,FIX,1,1
1029,45,0,0,52,NEW,FIX,1,1
1092,46,0,0,23,NEW,FIX,1,1
1095,47,0,0,48,NEW,FIX,1,1
1093,48,0,0,36,NEW,FIX,1,1
1094,49,0,0,66,NEW,FIX,1,1
1117,50,0,0,50,NEW,FIX,1,1
1116,51,0,0,97,NEW,FIX,1,1
1127,52,0,0,26,NEW,FIX,1,1
1121,53,0,0,23,NEW,FIX,1,1
1126,54,0,0,65,NEW,FIX,1,1
1124,55,0,0,9,NEW,FIX,1,1
1123,56,0,0,70,NEW,FIX,1,1
1125,57,0,0,46,NEW,FIX,1,1
1128,58,0,0,66,NEW,FIX,1,1
1130,59,0,0,69,NEW,FIX,1,1
0,R9,6913,31,-1,DEL,DEL,1,1
1,AA,5959,51,46,IN,FIX,1,1
2,AB,5960,20,20,IN,FIX,0,1
3,AC,5961,53,83,IN,FIX,1,1
4,AD,5962,54,94,IN,FIX,1,1
5,AE,5963,11,11,IN,FIX,0,1
6,AF,5964,2,15,IN,FIX,1,1
7,AG,5965,1,1,IN,FIX,0,1
8,AJ,5969,26,26,IN,FIX,0,1
9,AK,5971,13,98,IN,FIX,1,1
10,AL,5972,7,78,IN,FIX,1,1
11,AM,5973,6,6,IN,FIX,0,1
12,AN,5974,5,96,IN,FIX,1,1
13,AO,5976,3,3,IN,FIX,0,1
14,AP,5977,12,12,IN,FIX,0,1
15,AQ,5978,9,31,IN,FIX,1,1
16,AR,5979,10,2,IN,FIX,1,1
17,AS,5980,30,89,IN,FIX,1,1
18,AT,5981,29,29,IN,FIX,0,1
19,AU,5982,26,26,IN,FIX,0,1
20,AV,5983,28,84,IN,FIX,1,1
21,AW,5984,27,88,IN,FIX,1,1
22,AX,5985,33,33,IN,FIX,0,1
23,AY,5986,32,76,IN,FIX,1,1
24,AZ,5987,31,80,IN,FIX,1,1
25,A0,5988,36,36,IN,FIX,0,1
26,A1,5989,38,38,IN,FIX,0,1
27,A3,5991,40,62,IN,FIX,1,1
28,A2,5990,39,39,IN,FIX,0,1
29,A4,5992,42,68,IN,FIX,1,1
30,A5,5993,37,13,IN,FIX,1,1
31,A7,5995,43,73,IN,FIX,1,1
32,A8,5996,44,33,IN,FIX,1,1
33,A9,5997,47,83,IN,FIX,1,1
34,BE,6004,52,52,IN,FIX,0,1
35,BF,6005,31,-1,DEL,DEL,1,1
36,BG,6006,32,42,IN,FIX,1,1
37,BH,6007,34,34,IN,FIX,0,1
38,BJ,6009,24,24,FIX,FIX,0,1
39,BK,6010,26,26,FIX,FIX,0,1
40,BL,6011,29,29,FIX,FIX,0,1
41,BN,6013,35,-1,DEL,DEL,1,1
42,BO,6014,41,64,IN,FIX,1,1
43,BP,6015,55,55,IN,FIX,0,1
44,BQ,6016,51,44,IN,FIX,1,1
45,BR,6017,54,54,IN,FIX,0,1
46,BS,6018,53,-1,DEL,DEL,1,1
47,BT,6019,44,65,IN,FIX,1,1
48,BU,6020,45,45,IN,FIX,0,1
49,BV,6021,38,38,IN,FIX,0,1
50,BW,6022,39,-1,DEL,DEL,1,1
51,BX,6023,29,29,IN,FIX,0,1
52,BY,6024,42,66,IN,FIX,1,1
53,BZ,6025,30,60,IN,FIX,1,1
54,B0,6026,43,62,IN,FIX,1,1
55,B1,6027,50,50,IN,FIX,0,1
56,B2,6028,49,40,IN,FIX,1,1
57,B3,6029,47,47,IN,FIX,0,1
58,B4,6030,28,59,IN,FIX,1,1
59,B5,6031,27,27,IN,FIX,0,1
60,B6,6032,52,93,IN,FIX,1,1
61,B7,6033,56,56,IN,FIX,0,1
62,B8,6034,48,9,IN,FIX,1,1
63,B9,6035,25,25,IN,FIX,0,1
64,CA,6036,21,39,IN,FIX,1,1
65,CB,6037,22,28,IN,FIX,1,1
66,CC,6038,23,23,IN,FIX,0,1
67,CD,6039,24,33,IN,FIX,1,1
68,CE,6040,20,20,IN,FIX,0,1
69,CG,6042,64,64,IN,FIX,0,1
70,CF,6041,58,58,IN,FIX,0,1
71,CH,6043,61,32,IN,FIX,1,1
72,CI,6044,19,86,IN,FIX,1,1
73,CJ,6045,15,15,IN,FIX,0,1
74,CK,6046,18,81,IN,FIX,1,1
75,CM,6048,41,14,IN,FIX,1,1
76,CL,6047,62,-1,DEL,DEL,1,1
77,CN,6049,24,-1,DEL,DEL,1,1
78,CO,6050,40,11,IN,FIX,1,1
79,CP,6051,12,90,IN,FIX,1,1
80,CQ,6052,10,10,IN,FIX,0,1
81,CS,6054,25,92,IN,FIX,1,1
82,CR,6053,13,34,IN,FIX,1,1
83,CT,6055,21,25,IN,FIX,1,1
84,CU,6056,23,55,IN,FIX,1,1
85,CV,6057,11,35,IN,FIX,1,1
86,CX,6059,41,85,IN,FIX,1,1
87,CW,6058,22,95,IN,FIX,1,1
88,CZ,6061,59,67,IN,FIX,1,1
89,C0,6062,63,63,IN,FIX,0,1
90,CY,6060,16,22,IN,FIX,1,1
91,C2,6064,17,17,IN,FIX,0,1
92,C3,6065,20,20,IN,FIX,0,1
93,C6,6068,55,57,IN,FIX,1,1
94,C7,6069,56,74,IN,FIX,1,1
95,C8,6070,18,47,IN,FIX,1,1
96,C9,6071,19,44,IN,FIX,1,1
97,DA,6072,57,30,IN,FIX,1,1
98,DB,6073,67,48,IN,FIX,1,1
99,DC,6074,68,68,IN,FIX,0,1
100,DD,6075,71,61,IN,FIX,1,1
101,DE,6076,72,73,IN,FIX,1,1
102,DF,6077,96,67,IN,FIX,1,1
103,DG,6078,97,97,IN,FIX,0,1
104,DI,6080,99,99,IN,FIX,0,1
105,DH,6079,70,70,IN,FIX,0,1
106,DJ,6081,69,57,IN,FIX,1,1
107,DK,6082,26,26,IN,FIX,0,1
108,DL,6083,65,65,IN,FIX,0,1
109,DR,6089,3,3,IN,FIX,0,1
110,DS,6090,2,23,IN,FIX,1,1
111,DT,6091,1,27,IN,FIX,1,1
112,DO,6086,7,46,IN,FIX,1,1
113,DP,6087,6,49,IN,FIX,1,1
114,DQ,6088,5,5,IN,FIX,0,1
115,DN,6085,4,4,IN,FIX,0,1
116,DM,6084,63,36,IN,FIX,1,1
117,DV,6093,15,42,IN,FIX,1,1
118,DU,6092,8,12,IN,FIX,1,1
119,DX,6095,60,60,IN,FIX,0,1
120,DW,6094,14,6,IN,FIX,1,1
121,DZ,6097,62,21,IN,FIX,1,1
122,D0,6098,61,61,IN,FIX,0,1
123,D1,6099,9,18,IN,FIX,1,1
124,D2,6100,85,85,IN,FIX,0,1
125,D3,6101,1,71,IN,FIX,1,1
126,D8,6107,43,43,FIX,FIX,0,1
127,D7,6106,36,36,FIX,FIX,0,1
128,D6,6105,35,35,FIX,FIX,0,1
129,D5,6104,-33,97,FIX,FIX,1,1
130,D9,6108,86,-1,DEL,DEL,1,1
131,EC,6111,78,-1,DEL,DEL,1,1
132,EB,6110,82,63,IN,FIX,1,1
133,EA,6109,84,70,IN,FIX,1,1
134,FI,6156,4,4,FIX,FIX,0,1
135,FH,6155,-3,83,FIX,FIX,1,1
136,ED,6112,77,77,IN,FIX,0,1
137,EE,6113,76,-1,DEL,DEL,1,1
138,EF,6114,94,74,IN,FIX,1,1
139,EG,6115,91,95,IN,FIX,1,1
140,EH,6116,88,88,IN,FIX,0,1
141,EI,6117,8,8,IN,FIX,0,1
142,EN,6123,2,81,IN,FIX,1,1
143,EJ,6118,89,72,IN,FIX,1,1
144,EQ,6126,69,69,IN,FIX,0,1
145,ER,6128,71,71,IN,FIX,0,1
146,EW,6133,83,13,IN,FIX,1,1
147,EV,6132,84,83,IN,FIX,1,1
148,ET,6130,86,68,IN,FIX,1,1
149,EU,6131,85,85,IN,FIX,0,1
150,FE,6152,68,52,IN,FIX,1,1
151,EX,6134,70,24,IN,FIX,1,1
152,EY,6135,73,84,IN,FIX,1,1
153,E2,6139,72,72,IN,FIX,0,1
154,ES,6129,87,76,IN,FIX,1,1
155,E1,6138,89,89,IN,FIX,0,1
156,EZ,6136,81,81,IN,FIX,0,1
157,E0,6137,90,-1,DEL,DEL,1,1
158,FD,6151,67,16,IN,FIX,1,1
159,E5,6142,80,80,IN,FIX,0,1
160,E4,6141,76,38,IN,FIX,1,1
161,E3,6140,75,75,IN,FIX,0,1
162,FJ,6157,94,94,IN,FIX,0,1
163,FM,6160,91,33,IN,FIX,1,1
164,FN,6161,88,88,IN,FIX,0,1
165,FO,6162,99,59,IN,FIX,1,1
166,FQ,6164,-93,62,FIX,FIX,1,1
167,FR,6165,92,92,IN,FIX,0,1
168,FS,6166,90,90,IN,FIX,0,1
169,FT,6167,9,82,IN,FIX,1,1
170,FU,6168,20,6,IN,FIX,1,1
171,FV,6169,12,12,IN,FIX,0,1
172,FW,6170,13,89,IN,FIX,1,1
173,FX,6171,22,22,IN,FIX,0,1
174,FY,6172,11,11,IN,FIX,0,1
175,FZ,6173,10,-1,DEL,DEL,1,1
176,F0,6174,93,-1,DEL,DEL,1,1
177,F1,6175,21,21,IN,FIX,0,1
178,F2,6176,27,60,IN,FIX,1,1
179,F3,6177,26,47,IN,FIX,1,1
180,EL,6120,2,-1,DEL,DEL,1,1
181,EM,6121,68,68,FIX,FIX,0,1
182,EO,6124,-5,86,FIX,FIX,1,1
183,EP,6125,65,65,FIX,FIX,0,1
184,FG,6154,66,66,FIX,FIX,0,1
185,F4,6178,28,28,IN,FIX,0,1
186,F5,6179,29,29,IN,FIX,0,1
187,F6,6180,30,20,IN,FIX,1,1
188,GA,6184,31,31,IN,FIX,0,1
189,GB,6185,32,32,IN,FIX,0,1
190,GC,6186,35,35,IN,FIX,0,1
191,GD,6187,34,34,IN,FIX,0,1
192,GE,6188,25,25,IN,FIX,0,1
193,GG,6190,5,5,IN,FIX,0,1
194,GH,6191,14,14,IN,FIX,0,1
195,GJ,6193,19,75,IN,FIX,1,1
196,GK,6194,18,18,IN,FIX,0,1
197,GL,6195,16,16,IN,FIX,0,1
198,GI,6192,15,15,IN,FIX,0,1
199,GO,6198,23,23,IN,FIX,0,1
200,GQ,6200,36,36,IN,FIX,0,1
201,GP,6199,24,58,IN,FIX,1,1
202,GR,6201,53,38,IN,FIX,1,1
203,GS,6202,54,-1,DEL,DEL,1,1
204,GT,6203,55,-1,DEL,DEL,1,1
205,GU,6204,82,82,FIX,FIX,0,1
206,GV,6205,41,27,IN,FIX,1,1
207,GW,6206,42,42,IN,FIX,0,1
208,GX,6207,37,56,IN,FIX,1,1
209,GY,6208,40,40,IN,FIX,0,1
210,GZ,6209,44,44,IN,FIX,0,1
211,G2,6212,67,67,FIX,FIX,0,1
212,G3,6213,7,7,FIX,FIX,0,1
213,G4,6214,8,8,FIX,FIX,0,1
214,G5,6215,9,70,IN,FIX,1,1
215,G6,6216,12,12,FIX,FIX,0,1
216,G7,6217,81,81,FIX,FIX,0,1
217,G8,6218,10,10,FIX,FIX,0,1
218,G9,6219,-23,95,FIX,FIX,1,1
219,HA,6220,-22,89,FIX,FIX,1,1
220,HB,6221,-21,90,FIX,FIX,1,1
221,HC,6222,20,20,FIX,FIX,0,1
222,FF,6153,6,6,FIX,FIX,0,1
223,HM,6232,54,54,FIX,FIX,0,1
224,HL,6231,21,21,FIX,FIX,0,1
225,HK,6230,50,50,FIX,FIX,0,1
226,HD,6223,11,11,FIX,FIX,0,1
227,HE,6224,-13,2,FIX,FIX,1,1
228,HJ,6229,19,19,FIX,FIX,0,1
229,HH,6227,15,-1,DEL,DEL,1,1
230,HF,6225,14,-1,DEL,DEL,1,1
231,HG,6226,80,80,FIX,FIX,0,1
232,HW,6243,25,25,FIX,FIX,0,1
233,HX,6244,-24,22,FIX,FIX,1,1
234,HV,6242,26,26,FIX,FIX,0,1
235,HU,6241,27,27,FIX,FIX,0,1
236,HT,6240,-28,97,FIX,FIX,1,1
237,HS,6239,29,29,FIX,FIX,0,1
238,HR,6238,14,14,FIX,FIX,0,1
239,HQ,6237,13,13,FIX,FIX,0,1
240,HP,6236,12,12,FIX,FIX,0,1
241,HO,6234,10,10,FIX,FIX,0,1
242,HY,6245,15,15,FIX,FIX,0,1
243,HZ,6246,72,72,FIX,FIX,0,1
244,H0,6247,73,73,FIX,FIX,0,1
245,H1,6248,19,19,FIX,FIX,0,1
246,H2,6249,18,18,FIX,FIX,0,1
247,H3,6250,17,17,FIX,FIX,0,1
248,H4,6251,33,33,FIX,FIX,0,1
249,H5,6252,32,32,FIX,FIX,0,1
250,IA,6257,16,16,FIX,FIX,0,1
251,H6,6253,31,31,FIX,FIX,0,1
252,H7,6254,-30,94,FIX,FIX,1,1
253,H8,6255,44,44,FIX,FIX,0,1
254,H9,6256,43,43,FIX,FIX,0,1
255,IB,6259,-2,88,FIX,FIX,1,1
256,IF,6263,48,48,FIX,FIX,0,1
257,IE,6262,49,49,FIX,FIX,0,1
258,ID,6261,75,75,FIX,FIX,0,1
259,IC,6260,74,74,FIX,FIX,0,1
260,IG,6264,47,47,FIX,FIX,0,1
261,IH,6265,23,23,FIX,FIX,0,1
262,II,6266,46,46,FIX,FIX,0,1
263,IJ,6267,-34,93,FIX,FIX,1,1
264,IK,6268,35,35,FIX,FIX,0,1
265,IL,6269,38,38,FIX,FIX,0,1
266,IN,6271,4,4,FIX,FIX,0,1
267,IM,6270,3,3,FIX,FIX,0,1
268,I3,6287,-9,78,FIX,FIX,1,1
269,I4,6288,25,25,FIX,FIX,0,1
270,I5,6289,53,53,FIX,FIX,0,1
271,I6,6290,52,52,FIX,FIX,0,1
272,I8,6292,12,12,FIX,FIX,0,1
273,I7,6291,22,22,FIX,FIX,0,1
274,I9,6293,40,40,FIX,FIX,0,1
275,JA,6294,41,41,FIX,FIX,0,1
276,JB,6295,42,42,FIX,FIX,0,1
277,JC,6296,53,53,FIX,FIX,0,1
278,JD,6297,75,75,FIX,FIX,0,1
279,JE,6298,76,76,FIX,FIX,0,1
280,JF,6299,55,55,FIX,FIX,0,1
281,JG,6300,59,59,FIX,FIX,0,1
282,JH,6301,60,60,FIX,FIX,0,1
283,JI,6302,61,61,FIX,FIX,0,1
284,JJ,6303,62,62,FIX,FIX,0,1
285,JK,6304,77,77,FIX,FIX,0,1
286,JL,6305,54,54,FIX,FIX,0,1
287,JM,6306,5,5,FIX,FIX,0,1
288,JN,6307,22,28,IN,FIX,1,1
289,JO,6308,58,58,FIX,FIX,0,1
290,JP,6309,-56,30,FIX,FIX,1,1
291,JQ,6310,24,24,FIX,FIX,0,1
292,JR,6311,-57,34,FIX,FIX,1,1
293,JS,6312,51,51,FIX,FIX,0,1
294,JT,6313,-50,96,FIX,FIX,1,1
295,JU,6314,21,21,FIX,FIX,0,1
296,JV,6315,56,56,FIX,FIX,0,1
297,JW,6316,63,63,FIX,FIX,0,1
298,JX,6317,1,60,IN,FIX,1,1
299,JY,6318,53,53,FIX,FIX,0,1
300,JZ,6319,54,54,FIX,FIX,0,1
301,J0,6320,55,55,FIX,FIX,0,1
302,J1,6321,19,19,FIX,FIX,0,1
303,J2,6322,-20,45,FIX,FIX,1,1
304,J3,6323,-60,92,FIX,FIX,1,1
305,KB,6331,61,61,FIX,FIX,0,1
306,J4,6324,-17,9,FIX,FIX,1,1
307,J5,6325,15,15,FIX,FIX,0,1
308,J6,6326,-16,99,FIX,FIX,1,1
309,J7,6327,47,47,FIX,FIX,0,1
310,J8,6328,49,13,IN,FIX,1,1
311,J9,6329,10,10,FIX,FIX,0,1
312,KA,6330,62,68,IN,FIX,1,1
313,KC,6332,46,46,IN,FIX,0,1
314,KD,6333,47,48,IN,FIX,1,1
315,KE,6334,45,45,IN,FIX,0,1
316,KF,6335,38,64,IN,FIX,1,1
317,KL,6341,11,11,IN,FIX,0,1
318,KM,6342,12,61,IN,FIX,1,1
319,KP,6346,45,-1,DEL,DEL,1,1
320,KR,6348,37,-1,DEL,DEL,1,1
321,KT,6351,1,1,EXT,EXT,0,1
322,KU,6352,76,76,IN,FIX,0,1
323,KV,6353,40,40,IN,FIX,0,1
324,KW,6354,66,66,IN,FIX,0,1
325,KX,6355,78,94,IN,FIX,1,1
326,KY,6356,39,39,IN,FIX,0,1
327,KZ,6357,38,69,IN,FIX,1,1
328,K0,6358,26,26,IN,FIX,0,1
329,K1,6359,25,78,IN,FIX,1,1
330,K2,6360,24,24,IN,FIX,0,1
331,K3,6361,13,73,IN,FIX,1,1
332,K4,6362,18,77,IN,FIX,1,1
333,K5,6363,19,74,IN,FIX,1,1
334,K6,6364,22,-1,DEL,DEL,1,1
335,LB,6370,4,4,IN,FIX,0,1
336,LC,6371,10,63,IN,FIX,1,1
337,LE,6373,45,45,IN,FIX,0,1
338,LF,6374,46,96,IN,FIX,1,1
339,LG,6375,47,88,IN,FIX,1,1
340,LJ,6379,12,12,IN,FIX,0,1
341,LK,6380,15,20,IN,FIX,1,1
342,LL,6381,41,95,IN,FIX,1,1
343,LM,6382,43,98,IN,FIX,1,1
344,LN,6383,44,44,IN,FIX,0,1
345,LO,6384,13,21,IN,FIX,1,1
346,LP,6385,21,-1,DEL,DEL,1,1
347,LQ,6386,26,5,IN,FIX,1,1
348,LR,6387,25,25,IN,FIX,0,1
349,LS,6388,20,68,IN,FIX,1,1
350,LT,6389,27,-1,DEL,DEL,1,1
351,LU,6390,14,14,IN,FIX,0,1
352,LV,6391,17,17,IN,FIX,0,1
353,LW,6392,32,13,IN,FIX,1,1
354,LX,6393,15,15,IN,FIX,0,1
355,LY,6394,16,-1,DEL,DEL,1,1
356,L0,6396,40,23,IN,FIX,1,1
357,L1,6397,39,39,IN,FIX,0,1
358,L2,6398,41,29,IN,FIX,1,1
359,LZ,6395,53,59,IN,FIX,1,1
360,L3,6399,35,35,IN,FIX,0,1
361,L4,6400,43,26,IN,FIX,1,1
362,L5,6401,34,34,IN,FIX,0,1
363,L6,6402,33,33,IN,FIX,0,1
364,L7,6403,14,14,IN,FIX,0,1
365,L8,6404,9,3,IN,FIX,1,1
366,L9,6405,7,76,IN,FIX,1,1
367,MA,6406,79,70,IN,FIX,1,1
368,MB,6407,51,71,IN,FIX,1,1
369,ME,6410,6,22,IN,FIX,1,1
370,MC,6408,8,8,IN,FIX,0,1
371,MG,6413,54,54,IN,FIX,0,1
372,MH,6414,55,60,IN,FIX,1,1
373,MI,6415,80,80,FIX,FIX,0,1
374,MK,6417,89,89,EXT,EXT,0,1
375,MN,6420,92,92,IN,FIX,0,1
376,MM,6419,91,47,IN,FIX,1,1
377,MP,6422,81,72,IN,FIX,1,1
378,MQ,6423,82,82,IN,FIX,0,1
379,MR,6424,63,55,IN,FIX,1,1
380,MT,6426,62,62,IN,FIX,0,1
381,MS,6425,52,84,IN,FIX,1,1
382,MO,6421,90,67,IN,FIX,1,1
383,MU,6427,48,48,IN,FIX,0,1
384,MV,6428,66,66,IN,FIX,0,1
385,MY,6431,42,42,IN,FIX,0,1
386,MZ,6432,11,11,IN,FIX,0,1
387,M0,6433,5,90,IN,FIX,1,1
388,M1,6434,4,4,IN,FIX,0,1
389,M2,6435,16,16,IN,FIX,0,1
390,M3,6436,28,28,IN,FIX,0,1
391,M4,6437,18,18,IN,FIX,0,1
392,M5,6438,17,48,IN,FIX,1,1
393,M6,6439,74,74,IN,FIX,0,1
394,M7,6440,73,73,IN,FIX,0,1
395,M8,6441,71,97,IN,FIX,1,1
396,M9,6442,70,70,IN,FIX,0,1
397,NA,6443,72,72,IN,FIX,0,1
398,NB,6444,6,6,IN,FIX,0,1
399,NC,6445,7,81,IN,FIX,1,1
400,ND,6446,75,75,IN,FIX,0,1
401,NE,6447,3,3,IN,FIX,0,1
402,NF,6448,2,-1,DEL,DEL,1,1
403,NH,6450,10,85,IN,FIX,1,1
404,NI,6451,19,82,IN,FIX,1,1
405,NJ,6452,29,-1,DEL,DEL,1,1
406,NM,6455,49,49,IN,FIX,0,1
407,NK,6453,47,-1,DEL,DEL,1,1
408,NL,6454,48,-1,DEL,DEL,1,1
409,NN,6456,36,-1,DEL,DEL,1,1
410,NO,6457,46,-1,DEL,DEL,1,1
411,NP,6458,-37,86,FIX,FIX,1,1
412,NQ,6459,39,39,FIX,FIX,0,1
413,NR,6460,40,40,FIX,FIX,0,1
414,NS,6461,41,41,FIX,FIX,0,1
415,NT,6462,-38,98,FIX,FIX,1,1
416,NU,6463,44,44,IN,FIX,0,1
417,NW,6465,45,45,IN,FIX,0,1
418,NX,6466,46,46,IN,FIX,0,1
419,NZ,6468,20,92,IN,FIX,1,1
420,N1,6470,-48,85,FIX,FIX,1,1
421,NY,6467,66,-1,DEL,DEL,1,1
422,NV,6464,42,40,IN,FIX,1,1
423,N2,6471,56,56,IN,FIX,0,1
424,N3,6472,64,52,IN,FIX,1,1
425,N4,6473,94,94,IN,FIX,0,1
426,N6,6475,65,65,IN,FIX,0,1
427,N8,6477,58,13,IN,FIX,1,1
428,N7,6476,57,64,IN,FIX,1,1
429,OA,6479,93,36,IN,FIX,1,1
430,OD,6482,14,53,IN,FIX,1,1
431,OE,6483,8,8,IN,FIX,0,1
432,OL,6490,21,62,IN,FIX,1,1
433,OM,6491,-51,83,FIX,FIX,1,1
434,ON,6492,50,50,FIX,FIX,0,1
435,OP,6494,27,27,FIX,FIX,0,1
436,OQ,6495,22,22,FIX,FIX,0,1
437,OR,6496,28,28,FIX,FIX,0,1
438,OS,6497,7,20,IN,FIX,1,1
439,OT,6498,95,27,IN,FIX,1,1
440,OV,6500,8,8,IN,FIX,0,1
441,OU,6499,22,22,IN,FIX,0,1
442,OW,6501,21,54,IN,FIX,1,1
443,OY,6503,31,62,IN,FIX,1,1
444,OZ,6504,30,30,IN,FIX,0,1
445,O0,6505,38,38,IN,FIX,0,1
446,O2,6507,23,39,IN,FIX,1,1
447,O1,6506,24,24,IN,FIX,0,1
448,OX,6502,9,9,IN,FIX,0,1
449,O3,6508,37,57,IN,FIX,1,1
450,O4,6509,50,50,IN,FIX,0,1
451,O5,6510,59,75,IN,FIX,1,1
452,O7,6514,67,58,IN,FIX,1,1
453,O6,6513,68,63,IN,FIX,1,1
454,O8,6515,69,21,IN,FIX,1,1
455,O9,6516,73,67,IN,FIX,1,1
456,PA,6517,74,74,IN,FIX,0,1
457,PD,6520,61,61,IN,FIX,0,1
458,PB,6518,71,69,IN,FIX,1,1
459,PE,6521,96,96,IN,FIX,0,1
460,PF,6522,97,25,IN,FIX,1,1
461,PG,6523,98,98,IN,FIX,0,1
462,PH,6524,12,59,IN,FIX,1,1
463,PI,6525,9,9,IN,FIX,0,1
464,PJ,6526,31,-1,DEL,DEL,1,1
465,PM,6529,99,73,IN,FIX,1,1
466,PO,6531,42,42,FIX,FIX,0,1
467,PP,6532,55,55,FIX,FIX,0,1
468,PQ,6533,56,56,FIX,FIX,0,1
469,PR,6534,72,70,IN,FIX,1,1
470,PS,6535,70,78,IN,FIX,1,1
471,PT,6536,76,76,FIX,FIX,0,1
472,PU,6537,75,72,IN,FIX,1,1
473,PV,6538,84,84,IN,FIX,0,1
474,PW,6539,1,68,IN,FIX,1,1
475,PX,6540,2,71,IN,FIX,1,1
476,PY,6541,86,86,IN,FIX,0,1
477,PZ,6542,77,60,IN,FIX,1,1
478,P0,6543,85,66,IN,FIX,1,1
479,P2,6545,44,44,FIX,FIX,0,1
480,P7,6552,2,2,FIX,FIX,0,1
481,P6,6551,-70,84,FIX,FIX,1,1
482,QA,6555,79,79,FIX,FIX,0,1
483,P9,6554,78,78,FIX,FIX,0,1
484,P8,6553,65,65,FIX,FIX,0,1
485,P4,6549,-69,9,FIX,FIX,1,1
486,P5,6550,-71,64,FIX,FIX,1,1
487,P3,6548,1,1,FIX,FIX,0,1
488,QF,6560,76,76,FIX,FIX,0,1
489,QG,6561,77,77,FIX,FIX,0,1
490,QB,6556,83,83,FIX,FIX,0,1
491,QC,6557,-84,39,FIX,FIX,1,1
492,QD,6558,85,85,FIX,FIX,0,1
493,QE,6559,86,86,FIX,FIX,0,1
494,QI,6563,3,-1,DEL,DEL,1,1
495,QJ,6564,69,69,FIX,FIX,0,1
496,QK,6565,4,4,FIX,FIX,0,1
497,QL,6566,91,91,FIX,FIX,0,1
498,QM,6567,73,73,FIX,FIX,0,1
499,QN,6568,74,74,FIX,FIX,0,1
500,QO,6569,80,80,FIX,FIX,0,1
501,QP,6570,71,71,FIX,FIX,0,1
502,QQ,6571,70,70,FIX,FIX,0,1
503,QR,6572,68,68,FIX,FIX,0,1
504,QS,6573,67,67,FIX,FIX,0,1
505,QT,6574,66,66,FIX,FIX,0,1
506,QH,6562,72,72,FIX,FIX,0,1
507,QU,6575,8,8,FIX,FIX,0,1
508,QV,6576,75,75,FIX,FIX,0,1
509,QW,6577,20,20,FIX,FIX,0,1
510,QX,6578,23,23,FIX,FIX,0,1
511,QY,6579,64,64,FIX,FIX,0,1
512,QZ,6580,24,24,FIX,FIX,0,1
513,Q0,6581,25,25,FIX,FIX,0,1
514,Q1,6582,81,81,FIX,FIX,0,1
515,Q2,6583,52,52,FIX,FIX,0,1
516,Q3,6584,11,11,FIX,FIX,0,1
517,Q7,6589,92,-1,DEL,DEL,1,1
518,Q8,6590,90,90,FIX,FIX,0,1
519,Q9,6591,82,82,FIX,FIX,0,1
520,Q4,6586,87,87,FIX,FIX,0,1
521,Q5,6587,88,88,FIX,FIX,0,1
522,Q6,6588,89,-1,DEL,DEL,1,1
523,RA,6592,94,94,FIX,FIX,0,1
524,RB,6593,93,-1,DEL,DEL,1,1
525,RC,6594,95,95,FIX,FIX,0,1
526,RD,6595,96,96,FIX,FIX,0,1
527,RE,6597,1,16,IN,FIX,1,1
528,RF,6598,2,2,FIX,FIX,0,1
529,RG,6599,7,7,FIX,FIX,0,1
530,RH,6600,8,-1,DEL,DEL,1,1
531,RI,6601,-9,92,FIX,FIX,1,1
532,RJ,6602,10,10,FIX,FIX,0,1
533,RK,6603,6,6,FIX,FIX,0,1
534,RL,6605,99,99,FIX,FIX,0,1
535,RM,6606,98,98,FIX,FIX,0,1
536,RN,6607,97,97,FIX,FIX,0,1
537,RP,6609,3,3,FIX,FIX,0,1
538,RO,6608,4,4,FIX,FIX,0,1
539,RQ,6610,12,12,FIX,FIX,0,1
540,RR,6611,-36,17,FIX,FIX,1,1
541,RS,6612,38,38,FIX,FIX,0,1
542,RT,6613,40,40,FIX,FIX,0,1
543,RU,6614,47,47,FIX,FIX,0,1
544,RV,6615,48,48,FIX,FIX,0,1
545,RX,6618,51,51,FIX,FIX,0,1
546,RW,6617,46,46,FIX,FIX,0,1
547,RY,6619,52,52,FIX,FIX,0,1
548,RZ,6620,50,50,FIX,FIX,0,1
549,R0,6621,49,49,FIX,FIX,0,1
550,R1,6622,13,13,FIX,FIX,0,1
551,R2,6624,26,26,FIX,FIX,0,1
552,R3,6625,32,32,FIX,FIX,0,1
553,R4,6626,-33,93,FIX,FIX,1,1
554,R5,6627,39,-1,DEL,DEL,1,1
555,R6,6628,-30,89,FIX,FIX,1,1
556,R7,6629,34,-1,DEL,DEL,1,1
557,R8,6630,35,35,FIX,FIX,0,1
558,EK,6119,1,1,FIX,FIX,0,1
559,I2,6286,59,59,FIX,FIX,0,1
560,I1,6285,18,18,FIX,FIX,0,1
561,I0,6284,58,58,FIX,FIX,0,1
562,IZ,6283,14,14,FIX,FIX,0,1
563,IY,6282,57,57,FIX,FIX,0,1
564,IX,6281,28,28,FIX,FIX,0,1
565,IW,6280,7,7,FIX,FIX,0,1
566,IV,6279,11,77,IN,FIX,1,1
567,IU,6278,37,37,FIX,FIX,0,1
568,IT,6277,36,36,FIX,FIX,0,1
569,IS,6276,39,39,FIX,FIX,0,1
570,IR,6275,5,5,FIX,FIX,0,1
571,IQ,6274,6,6,FIX,FIX,0,1
572,IP,6273,69,69,FIX,FIX,0,1
573,IO,6272,1,1,FIX,FIX,0,1
574,HN,6233,1,1,FIX,FIX,0,1
575,SA,6996,-5,57,FIX,FIX,1,1
576,KQ,6347,79,67,IN,FIX,1,1
577,SC,6999,4,4,IN,FIX,0,1
578,KN,6343,30,30,FIX,FIX,0,1
579,KO,6344,32,-1,DEL,DEL,1,1
580,KS,6350,33,33,FIX,FIX,0,1
581,SD,7087,4,71,IN,FIX,1,1
582,SE,7088,8,8,IN,FIX,0,1
583,BC,6001,45,45,FIX,FIX,0,1
584,A6,5994,46,49,IN,FIX,1,1
585,BD,6002,51,59,IN,FIX,1,1
586,BB,5999,50,50,FIX,FIX,0,1
587,BA,5998,53,53,FIX,FIX,0,1
588,SI,7155,96,96,EXT,EXT,0,1
589,SH,7154,31,31,EXT,EXT,0,1
590,SJ,7156,98,98,EXT,EXT,0,1
591,C1,6063,58,82,IN,FIX,1,1
592,DY,6096,64,15,IN,FIX,1,1
593,FB,6149,65,65,FIX,FIX,0,1
594,SN,7160,70,70,EXT,EXT,0,1
595,SP,7162,94,94,EXT,EXT,0,1
596,SO,7161,99,99,EXT,EXT,0,1
597,SM,7159,5,5,EXT,EXT,0,1
598,SK,7157,3,3,EXT,EXT,0,1
599,C5,6067,54,54,FIX,FIX,0,1
600,C4,6066,57,40,IN,FIX,1,1
601,FC,6150,66,66,FIX,FIX,0,1
602,FA,6148,1,1,EXT,EXT,0,1
603,E9,6147,2,2,EXT,EXT,0,1
604,SR,7164,4,4,EXT,EXT,0,1
605,SQ,7163,8,8,EXT,EXT,0,1
606,E8,6145,78,78,FIX,FIX,0,1
607,E7,6144,77,77,FIX,FIX,0,1
608,E6,6143,82,17,IN,FIX,1,1
609,SS,7165,9,9,EXT,EXT,0,1
610,ST,7166,10,10,EXT,EXT,0,1
611,SU,7167,11,11,EXT,EXT,0,1
612,SV,7168,79,79,EXT,EXT,0,1
613,FL,6159,86,86,FIX,FIX,0,1
614,SW,7169,93,93,EXT,EXT,0,1
615,SX,7170,90,90,EXT,EXT,0,1
616,SY,7171,98,98,EXT,EXT,0,1
617,FK,6158,95,26,IN,FIX,1,1
618,FP,6163,96,96,IN,FIX,0,1
619,F7,6181,97,97,IN,FIX,0,1
620,F8,6182,92,92,FIX,FIX,0,1
621,SZ,7172,99,99,EXT,EXT,0,1
622,G1,6211,39,39,FIX,FIX,0,1
623,F9,6183,98,55,IN,FIX,1,1
624,S0,7173,1,1,EXT,EXT,0,1
625,S1,7174,2,2,EXT,EXT,0,1
626,G0,6210,43,30,IN,FIX,1,1
627,KH,6337,49,49,FIX,FIX,0,1
628,S3,7176,8,8,EXT,EXT,0,1
629,S2,7175,10,10,EXT,EXT,0,1
630,S4,7177,4,4,EXT,EXT,0,1
631,K8,6366,1,57,IN,FIX,1,1
632,KG,6336,48,69,IN,FIX,1,1
633,S5,7178,81,81,EXT,EXT,0,1
634,S6,7179,16,16,EXT,EXT,0,1
635,K9,6367,2,-1,DEL,DEL,1,1
636,S7,7180,88,88,EXT,EXT,0,1
637,S8,7181,83,83,EXT,EXT,0,1
638,LA,6368,3,-1,DEL,DEL,1,1
639,MF,6411,5,5,IN,FIX,0,1
640,TC,7185,98,98,EXT,EXT,0,1
641,TB,7184,97,97,EXT,EXT,0,1
642,TD,7186,99,99,EXT,EXT,0,1
643,S9,7182,96,96,EXT,EXT,0,1
644,TA,7183,93,93,EXT,EXT,0,1
645,TE,7187,90,90,EXT,EXT,0,1
646,TF,7188,82,82,EXT,EXT,0,1
647,TG,7189,86,86,EXT,EXT,0,1
648,MD,6409,87,87,FIX,FIX,0,1
649,TI,7191,84,84,EXT,EXT,0,1
650,TH,7190,85,85,EXT,EXT,0,1
651,MJ,6416,88,88,EXT,EXT,0,1
652,ML,6418,4,24,IN,FIX,1,1
653,TK,7193,32,32,EXT,EXT,0,1
654,TL,7194,33,33,EXT,EXT,0,1
655,TM,7195,31,31,EXT,EXT,0,1
656,N9,6478,6,6,FIX,FIX,0,1
657,OC,6481,13,13,IN,FIX,0,1
658,OB,6480,18,18,FIX,FIX,0,1
659,TO,7197,38,38,EXT,EXT,0,1
660,TP,7198,42,42,EXT,EXT,0,1
661,TQ,7199,37,37,EXT,EXT,0,1
662,OF,6484,15,15,IN,FIX,0,1
663,OG,6485,16,16,FIX,FIX,0,1
664,OH,6486,19,19,FIX,FIX,0,1
665,TS,7201,4,4,EXT,EXT,0,1
666,TU,7203,5,5,EXT,EXT,0,1
667,OJ,6488,10,10,FIX,FIX,0,1
668,TW,7205,2,2,EXT,EXT,0,1
669,OI,6487,11,11,IN,FIX,0,1
670,OK,6489,17,17,IN,FIX,0,1
671,TX,7206,1,1,EXT,EXT,0,1
672,TV,7204,3,3,EXT,EXT,0,1
673,TT,7202,6,6,EXT,EXT,0,1
674,TR,7200,45,45,EXT,EXT,0,1
675,TZ,7211,95,95,FIX,FIX,0,1
676,TY,7210,94,94,FIX,FIX,0,1
677,T0,7426,52,52,IN,FIX,0,1
678,D4,6103,32,32,FIX,FIX,0,1
679,BM,6012,31,31,FIX,FIX,0,1
680,KK,6340,52,52,IN,FIX,0,1
681,KJ,6339,51,9,IN,FIX,1,1
682,KI,6338,50,50,IN,FIX,0,1
683,BI,6008,23,76,IN,FIX,1,1
684,GN,6197,29,29,FIX,FIX,0,1
685,HI,6228,-18,84,FIX,FIX,1,1
686,N0,6469,65,65,FIX,FIX,0,1
687,PK,6527,41,41,FIX,FIX,0,1
688,P1,6544,45,45,FIX,FIX,0,1
689,PL,6528,1,1,IN,FIX,0,1
690,MW,6429,37,76,IN,FIX,1,1
691,TN,7196,35,35,EXT,EXT,0,1
692,TJ,7192,34,34,EXT,EXT,0,1
693,PN,6530,43,58,IN,FIX,1,1
694,OO,6493,-30,84,FIX,FIX,1,1
695,LI,6377,29,29,FIX,FIX,0,1
696,GF,6189,3,80,IN,FIX,1,1
697,NG,6449,54,54,IN,FIX,0,1
698,SB,6997,34,34,FIX,FIX,0,1
699,LH,6376,36,36,FIX,FIX,0,1
700,LD,6372,35,35,FIX,FIX,0,1
701,MX,6430,49,49,FIX,FIX,0,1
702,SF,7152,29,29,EXT,EXT,0,1
703,SG,7153,30,30,EXT,EXT,0,1
704,N5,6474,83,-1,DEL,DEL,1,1
705,AH,5966,16,16,FIX,FIX,0,1
706,AI,5967,17,17,FIX,FIX,0,1
707,K7,6365,23,53,IN,FIX,1,1
708,GM,6196,28,28,FIX,FIX,0,1
709,T1,0,0,50,NEW,FIX,1,1
710,T2,0,0,76,NEW,FIX,1,1
711,T3,0,0,59,NEW,FIX,1,1
712,T4,0,0,84,NEW,FIX,1,1
713,T5,0,0,39,NEW,FIX,1,1
714,T6,0,0,71,NEW,FIX,1,1
715,T8,0,0,34,NEW,FIX,1,1
716,T9,0,0,36,NEW,FIX,1,1
717,UA,0,0,85,NEW,FIX,1,1
718,UB,0,0,9,NEW,FIX,1,1
719,UC,0,0,75,NEW,FIX,1,1
720,UD,0,0,69,NEW,FIX,1,1
721,T7,0,0,21,NEW,FIX,1,1
722,UE,0,0,62,NEW,FIX,1,1
723,UF,0,0,56,NEW,FIX,1,1
724,UG,0,0,20,NEW,FIX,1,1
725,UH,0,0,48,NEW,FIX,1,1
726,UI,0,0,60,NEW,FIX,1,1
727,UJ,0,0,85,NEW,FIX,1,1
728,UK,0,0,30,NEW,FIX,1,1
729,UM,0,0,28,NEW,FIX,1,1
730,UL,0,0,61,NEW,FIX,1,1
731,UO,0,0,53,NEW,FIX,1,1
732,UP,0,0,40,NEW,FIX,1,1
733,UQ,0,0,70,NEW,FIX,1,1
734,UR,0,0,78,NEW,FIX,1,1
735,US,0,0,80,NEW,FIX,1,1
736,UT,0,0,63,NEW,FIX,1,1
737,UU,0,0,67,NEW,FIX,1,1
738,UV,0,0,45,NEW,FIX,1,1
739,UW,0,0,99,NEW,FIX,1,1
740,UY,0,0,65,NEW,FIX,1,1
741,UZ,0,0,90,NEW,FIX,1,1
742,U0,0,0,88,NEW,FIX,1,1
743,U1,0,0,92,NEW,FIX,1,1
744,U2,0,0,22,NEW,FIX,1,1
745,U3,0,0,13,NEW,FIX,1,1
746,VG,0,0,95,NEW,FIX,1,1
747,U5,0,0,11,NEW,FIX,1,1
748,U4,0,0,89,NEW,FIX,1,1
749,U7,0,0,64,NEW,FIX,1,1
750,U8,0,0,54,NEW,FIX,1,1
751,VH,0,0,52,NEW,FIX,1,1
752,VI,0,0,82,NEW,FIX,1,1
753,U9,0,0,71,NEW,FIX,1,1
754,VA,0,0,50,NEW,FIX,1,1
755,VB,0,0,81,NEW,FIX,1,1
756,VC,0,0,80,NEW,FIX,1,1
757,VF,0,0,27,NEW,FIX,1,1
758,VK,0,0,46,NEW,FIX,1,1
759,VL,0,0,57,NEW,FIX,1,1
760,VM,0,0,56,NEW,FIX,1,1
761,VE,0,0,17,NEW,FIX,1,1
762,VD,0,0,86,NEW,FIX,1,1
763,VN,0,0,26,NEW,FIX,1,1
764,VO,0,0,56,NEW,FIX,1,1
765,VP,0,0,16,NEW,FIX,1,1
766,VQ,0,0,46,NEW,FIX,1,1
767,VR,0,0,21,NEW,FIX,1,1
768,VT,0,0,44,NEW,FIX,1,1
769,VX,0,0,63,NEW,FIX,1,1
770,VW,0,0,11,NEW,FIX,1,1
771,VY,0,0,72,NEW,FIX,1,1
772,VU,0,0,27,NEW,FIX,1,1
773,VV,0,0,24,NEW,FIX,1,1
774,VZ,0,0,92,NEW,FIX,1,1
775,V4,0,0,61,NEW,FIX,1,1
776,V3,0,0,3,NEW,FIX,1,1
777,V2,0,0,73,NEW,FIX,1,1
778,V1,0,0,13,NEW,FIX,1,1
779,V0,0,0,75,NEW,FIX,1,1
780,V5,0,0,65,NEW,FIX,1,1
781,V6,0,0,93,NEW,FIX,1,1
782,V7,0,0,62,NEW,FIX,1,1
783,V8,0,0,22,NEW,FIX,1,1
784,V9,0,0,82,NEW,FIX,1,1
785,WA,0,0,83,NEW,FIX,1,1
786,WB,0,0,72,NEW,FIX,1,1
787,WC,0,0,36,NEW,FIX,1,1
788,WD,0,0,49,NEW,FIX,1,1
789,WE,0,0,9,NEW,FIX,1,1
790,WF,0,0,30,NEW,FIX,1,1
791,WG,0,0,69,NEW,FIX,1,1
792,WH,0,0,20,NEW,FIX,1,1
793,WI,0,0,70,NEW,FIX,1,1
794,WK,0,0,58,NEW,FIX,1,1
795,WM,0,0,90,NEW,FIX,1,1
796,WL,0,0,48,NEW,FIX,1,1
797,WO,0,0,25,NEW,FIX,1,1
798,WP,0,0,62,NEW,FIX,1,1
799,WJ,0,0,49,NEW,FIX,1,1
800,WQ,0,0,14,NEW,FIX,1,1
801,WR,0,0,64,NEW,FIX,1,1
802,WS,0,0,95,NEW,FIX,1,1
803,WT,0,0,42,NEW,FIX,1,1
804,UN,0,0,99,NEW,FIX,1,1
805,WU,0,0,78,NEW,FIX,1,1
806,WW,0,0,77,NEW,FIX,1,1
807,WY,0,0,96,NEW,FIX,1,1
808,WV,0,0,58,NEW,FIX,1,1
809,WX,0,0,57,NEW,FIX,1,1
810,W0,0,0,80,NEW,FIX,1,1
811,WZ,0,0,81,NEW,FIX,1,1
812,W1,0,0,85,NEW,FIX,1,1
813,W2,0,0,72,NEW,FIX,1,1
814,W3,0,0,86,NEW,FIX,1,1
815,W4,0,0,38,NEW,FIX,1,1
816,W5,0,0,68,NEW,FIX,1,1
817,W6,0,0,5,NEW,FIX,1,1
818,W7,0,0,75,NEW,FIX,1,1
819,W8,0,0,61,NEW,FIX,1,1
820,W9,0,10,10,FIXNEW,FIXNEW,0,1
821,XA,0,0,21,NEW,FIX,1,1
822,XB,0,30,30,EXTNEW,EXT,0,1
823,XC,0,0,59,NEW,FIX,1,1
824,XD,0,0,14,NEW,FIX,1,1
825,XE,0,0,33,NEW,FIX,1,1
826,XF,0,0,63,NEW,FIX,1,1
827,XG,0,0,65,NEW,FIX,1,1
828,XH,0,0,39,NEW,FIX,1,1
829,XI,0,0,69,NEW,FIX,1,1
830,XJ,0,0,66,NEW,FIX,1,1
831,XK,0,0,98,NEW,FIX,1,1
832,XL,0,0,53,NEW,FIX,1,1
833,XM,0,31,31,EXTNEW,EXT,0,1
834,XN,0,30,30,FIXNEW,FIXNEW,0,1
835,XP,0,0,60,NEW,FIX,1,1
836,XQ,0,1,1,EXTNEW,EXT,0,1
837,XO,0,15,15,EXTNEW,EXT,0,1
838,XR,0,0,20,NEW,FIX,1,1
839,XS,0,0,28,NEW,FIX,1,1
840,XT,0,0,22,NEW,FIX,1,1
841,XU,0,0,NaN,EXTNEW,EXT,1,1
842,XW,0,0,29,NEW,FIX,1,1
843,XX,0,0,8,NEW,FIX,1,1
844,XY,0,0,27,NEW,FIX,1,1
845,XZ,0,0,NaN,EXTNEW,EXT,1,1
846,X0,0,0,NaN,EXTNEW,EXT,1,1
847,XV,0,0,NaN,EXTNEW,EXT,1,1
848,X2,0,0,76,NEW,FIX,1,1
849,X1,0,0,9,NEW,FIX,1,1
850,X3,0,0,36,NEW,FIX,1,1
851,X4,0,0,54,NEW,FIX,1,1
852,X5,0,0,84,NEW,FIX,1,1
853,YF,0,0,62,NEW,FIX,1,1
854,X6,0,0,55,NEW,FIX,1,1
855,X7,0,0,45,NEW,FIX,1,1
856,X8,0,0,23,NEW,FIX,1,1
857,YA,0,0,34,NEW,FIX,1,1
858,X9,0,0,61,NEW,FIX,1,1
859,YG,0,0,93,NEW,FIX,1,1
860,YJ,0,0,NaN,EXTNEW,EXT,1,1
861,YK,0,0,NaN,EXTNEW,EXT,1,1
862,YB,0,0,15,NEW,FIX,1,1
863,YD,0,0,50,NEW,FIX,1,1
864,YC,0,0,56,NEW,FIX,1,1
865,YN,0,0,18,NEW,FIX,1,1
866,YO,0,0,71,NEW,FIX,1,1
867,YL,0,0,NaN,EXTNEW,EXT,1,1
868,YP,0,0,21,NEW,FIX,1,1
869,YM,0,0,NaN,EXTNEW,EXT,1,1
870,YE,0,0,31,NEW,FIX,1,1
871,YQ,0,0,38,NEW,FIX,1,1
872,YR,0,0,28,NEW,FIX,1,1
873,YS,0,0,24,NEW,FIX,1,1
874,YU,0,0,46,NEW,FIX,1,1
875,YT,0,0,40,NEW,FIX,1,1
876,YV,0,0,16,NEW,FIX,1,1
877,YW,0,0,33,NEW,FIX,1,1
878,YX,0,0,49,NEW,FIX,1,1
879,Y0,0,0,32,NEW,FIX,1,1
880,Y1,0,0,14,NEW,FIX,1,1
881,Y2,0,0,17,NEW,FIX,1,1
882,Y3,0,0,NaN,EXTNEW,EXT,1,1
883,Y4,0,0,NaN,EXTNEW,EXT,1,1
884,Y5,0,0,NaN,EXTNEW,EXT,1,1
885,Y6,0,0,48,NEW,FIX,1,1
886,Y7,0,0,NaN,EXTNEW,EXT,1,1
887,Y8,0,0,NaN,EXTNEW,EXT,1,1
888,Y9,0,0,20,NEW,FIX,1,1
889,ZA,0,0,26,NEW,FIX,1,1
890,ZB,0,0,42,NEW,FIX,1,1
891,ZC,0,0,98,NEW,FIX,1,1
892,ZD,0,0,92,NEW,FIX,1,1
893,ZE,0,0,96,NEW,FIX,1,1
894,ZF,0,0,6,NEW,FIX,1,1
895,ZG,0,0,12,NEW,FIX,1,1
896,YZ,0,0,44,NEW,FIX,1,1
897,ZH,0,0,74,NEW,FIX,1,1
898,ZI,0,0,NaN,EXTNEW,EXT,1,1
899,ZJ,0,0,NaN,EXTNEW,EXT,1,1
900,ZK,0,0,35,NEW,FIX,1,1
901,ZL,0,0,49,NEW,FIX,1,1
902,ZM,0,0,NaN,EXTNEW,EXT,1,1
903,ZN,0,0,NaN,EXTNEW,EXT,1,1
904,ZO,0,0,NaN,EXTNEW,EXT,1,1
905,ZP,0,0,NaN,EXTNEW,EXT,1,1
906,ZQ,0,0,NaN,EXTNEW,EXT,1,1
907,ZR,0,0,98,NEW,FIX,1,1
908,ZS,0,0,58,NEW,FIX,1,1
909,ZT,0,0,88,NEW,FIX,1,1
910,ZU,0,0,74,NEW,FIX,1,1
911,ZV,0,0,96,NEW,FIX,1,1
912,ZW,0,0,24,NEW,FIX,1,1
913,ZX,0,0,64,NEW,FIX,1,1
914,ZY,0,0,60,NEW,FIX,1,1
915,ZZ,0,0,44,NEW,FIX,1,1
916,Z0,0,0,59,NEW,FIX,1,1
917,Z1,0,0,75,NEW,FIX,1,1
918,Z2,0,0,77,NEW,FIX,1,1
919,Z4,0,5,5,EXTNEW,EXT,0,1
920,Z5,0,0,NaN,EXTNEW,EXT,1,1
921,Z6,0,0,23,NEW,FIX,1,1
922,Z7,0,0,84,NEW,FIX,1,1
923,Z8,0,0,94,NEW,FIX,1,1
924,Z9,0,0,2,NEW,FIX,1,1
925,0A,0,12,12,FIXNEW,FIXNEW,0,1
926,0B,0,9,9,EXTNEW,EXT,0,1
927,0D,0,0,34,NEW,FIX,1,1
928,0E,0,0,71,NEW,FIX,1,1
929,0F,0,0,23,NEW,FIX,1,1
930,0G,0,0,77,NEW,FIX,1,1
931,0H,0,0,30,NEW,FIX,1,1
932,0I,0,0,60,NEW,FIX,1,1
933,0J,0,0,46,NEW,FIX,1,1
934,0K,0,0,63,NEW,FIX,1,1
935,0R,0,0,3,NEW,FIX,1,1
936,0P,0,0,22,NEW,FIX,1,1
937,0Q,0,0,6,NEW,FIX,1,1
938,0S,0,0,93,NEW,FIX,1,1
939,0M,0,0,2,NEW,FIX,1,1
940,0T,0,0,54,NEW,FIX,1,1
941,0L,0,0,52,NEW,FIX,1,1
942,0O,0,0,32,NEW,FIX,1,1
943,0N,0,0,17,NEW,FIX,1,1
944,0V,0,0,92,NEW,FIX,1,1
945,0W,0,0,56,NEW,FIX,1,1
946,0X,0,0,50,NEW,FIX,1,1
947,0U,0,0,55,NEW,FIX,1,1
948,WN,0,0,65,NEW,FIX,1,1
949,YY,0,0,57,NEW,FIX,1,1
950,0Y,0,0,27,NEW,FIX,1,1
951,0Z,0,0,44,NEW,FIX,1,1
952,00,0,0,34,NEW,FIX,1,1
953,01,0,0,32,NEW,FIX,1,1
954,02,0,0,72,NEW,FIX,1,1
955,03,0,0,55,NEW,FIX,1,1
956,04,0,0,62,NEW,FIX,1,1
957,05,0,1,1,FIXNEW,FIXNEW,0,1
958,06,0,2,2,FIXNEW,FIXNEW,0,1
959,07,0,0,74,NEW,FIX,1,1
960,08,0,0,78,NEW,FIX,1,1
961,09,0,0,18,NEW,FIX,1,1
962,1D,0,0,66,NEW,FIX,1,1
963,1E,0,0,64,NEW,FIX,1,1
964,1G,0,0,69,NEW,FIX,1,1
965,1F,0,0,21,NEW,FIX,1,1
966,1I,0,4,4,FIXNEW,FIXNEW,0,1
967,1J,0,0,9,NEW,FIX,1,1
968,1K,0,0,28,NEW,FIX,1,1
969,1L,0,0,97,NEW,FIX,1,1
970,1M,0,0,12,NEW,FIX,1,1
971,1N,0,0,89,NEW,FIX,1,1
972,1O,0,0,57,NEW,FIX,1,1
973,1P,0,0,99,NEW,FIX,1,1
974,1Q,0,35,35,FIXNEW,FIXNEW,0,1
975,1R,0,0,85,NEW,FIX,1,1
976,1S,0,0,48,NEW,FIX,1,1
977,1T,0,0,90,NEW,FIX,1,1
978,1V,0,0,95,NEW,FIX,1,1
979,1U,0,0,31,NEW,FIX,1,1
980,1X,0,0,42,NEW,FIX,1,1
981,1Y,0,0,3,NEW,FIX,1,1
982,1Z,0,0,6,NEW,FIX,1,1
993,2A,0,3,3,EXTNEW,EXT,0,1
994,2C,0,23,23,FIXNEW,FIXNEW,0,1
995,2B,0,42,42,EXTNEW,EXT,0,1
996,2E,0,47,47,EXTNEW,EXT,0,1
997,2F,0,35,35,EXTNEW,EXT,0,1
998,2D,0,95,95,FIXNEW,FIXNEW,0,1
999,2G,0,8,8,EXTNEW,EXT,0,1
1000,2H,0,14,14,FIXNEW,FIXNEW,0,1
1001,PC,6519,60,77,IN,FIX,1,1
1002,2I,0,0,63,NEW,FIX,1,1
1003,2K,0,0,31,NEW,FIX,1,1
1004,2J,0,0,36,NEW,FIX,1,1
1005,2L,0,0,64,NEW,FIX,1,1
1006,2M,0,0,94,NEW,FIX,1,1
1007,2O,0,0,93,NEW,FIX,1,1
1008,2P,0,0,83,NEW,FIX,1,1
1009,2Q,0,0,73,NEW,FIX,1,1
1010,2R,0,0,10,NEW,FIX,1,1
1011,2S,0,0,88,NEW,FIX,1,1
1012,2T,0,0,53,NEW,FIX,1,1
1013,2U,0,0,99,NEW,FIX,1,1
1014,2W,0,0,32,NEW,FIX,1,1
1015,2V,0,0,89,NEW,FIX,1,1
1016,2X,0,0,80,NEW,FIX,1,1
1017,2Y,0,12,12,FIXNEW,FIXNEW,0,1
1018,2Z,0,11,11,EXTNEW,EXT,0,1
1027,3A,0,0,85,NEW,FIX,1,1
1028,3B,0,0,74,NEW,FIX,1,1
1030,3C,0,0,31,NEW,FIX,1,1
1031,3D,0,0,99,NEW,FIX,1,1
1032,3E,0,0,39,NEW,FIX,1,1
1033,3F,0,0,67,NEW,FIX,1,1
1034,3G,0,0,5,NEW,FIX,1,1
1035,3H,0,0,92,NEW,FIX,1,1
1036,3I,0,0,95,NEW,FIX,1,1
1037,3J,0,0,56,NEW,FIX,1,1
1038,3K,0,0,34,NEW,FIX,1,1
1039,3L,0,0,95,NEW,FIX,1,1
1040,3M,0,0,22,NEW,FIX,1,1
1041,3N,0,0,72,NEW,FIX,1,1
1042,3O,0,0,77,NEW,FIX,1,1
1043,3P,0,0,52,NEW,FIX,1,1
1044,3Q,0,0,81,NEW,FIX,1,1
1045,3R,0,0,71,NEW,FIX,1,1
1046,3Z,0,0,1,NEW,FIX,1,1
1051,3T,0,0,90,NEW,FIX,1,1
1052,3S,0,0,76,NEW,FIX,1,1
1053,3V,0,0,35,NEW,FIX,1,1
1054,3X,0,0,82,NEW,FIX,1,1
1055,3Y,0,0,2,NEW,FIX,1,1
1056,3W,0,0,32,NEW,FIX,1,1
1062,4B,0,0,48,NEW,FIX,1,1
1063,4A,0,0,89,NEW,FIX,1,1
1064,4C,0,0,68,NEW,FIX,1,1
1065,4D,0,0,74,NEW,FIX,1,1
1066,4E,0,0,84,NEW,FIX,1,1
1067,4F,0,0,69,NEW,FIX,1,1
1068,4G,0,0,53,NEW,FIX,1,1
1069,4I,0,0,15,NEW,FIX,1,1
1070,4J,0,0,6,NEW,FIX,1,1
1071,3U,0,0,96,NEW,FIX,1,1
1072,4L,0,0,10,NEW,FIX,1,1
1073,4K,0,0,14,NEW,FIX,1,1
1074,4N,0,0,67,NEW,FIX,1,1
1075,4O,0,0,71,NEW,FIX,1,1
1076,4P,0,0,77,NEW,FIX,1,1
1077,4Q,0,0,70,NEW,FIX,1,1
1078,4R,0,0,84,NEW,FIX,1,1
1079,4S,0,0,89,NEW,FIX,1,1
1080,4T,0,0,82,NEW,FIX,1,1
1081,4X,0,0,15,NEW,FIX,1,1
1082,4Z,0,0,50,NEW,FIX,1,1
1083,4Y,0,0,5,NEW,FIX,1,1
1087,4V,0,0,54,NEW,FIX,1,1
1088,4U,0,0,86,NEW,FIX,1,1
1089,4W,0,0,14,NEW,FIX,1,1
1096,5A,0,0,49,NEW,FIX,1,1
1097,5B,0,0,64,NEW,FIX,1,1
1098,5C,0,0,74,NEW,FIX,1,1
1099,5F,0,0,25,NEW,FIX,1,1
1100,5G,0,0,93,NEW,FIX,1,1
1101,5H,0,0,2,NEW,FIX,1,1
1102,5I,0,0,45,NEW,FIX,1,1
1103,5J,0,0,40,NEW,FIX,1,1
1104,5M,0,0,54,NEW,FIX,1,1
1105,5N,0,0,98,NEW,FIX,1,1
1106,5O,0,0,73,NEW,FIX,1,1
1107,5P,0,0,39,NEW,FIX,1,1
1108,5Q,0,0,30,NEW,FIX,1,1
1109,5U,0,0,71,NEW,FIX,1,1
1110,5T,0,0,28,NEW,FIX,1,1
1111,5W,0,0,68,NEW,FIX,1,1
1112,5V,0,58,58,FIXNEW,FIXNEW,0,1
1113,5Z,0,56,56,EXTNEW,EXT,0,1
1114,5X,0,0,8,NEW,FIX,1,1
1115,5Y,0,0,24,NEW,FIX,1,1
1118,5S,0,0,48,NEW,FIX,1,1
1119,5R,0,0,75,NEW,FIX,1,1
1120,6M,0,93,93,EXTNEW,EXT,0,1
1122,6N,0,0,80,NEW,FIX,1,1
1129,1H,0,0,99,NEW,FIX,1,1
1131,6G,0,0,78,NEW,FIX,1,1
1132,6A,0,0,45,NEW,FIX,1,1
1133,6C,0,0,5,NEW,FIX,1,1
1134,6B,0,0,59,NEW,FIX,1,1
1135,6D,0,0,96,NEW,FIX,1,1
1136,6F,0,0,30,NEW,FIX,1,1
1137,6E,0,0,40,NEW,FIX,1,1
1138,1C,0,0,53,NEW,FIX,1,1
1139,6K,0,0,83,NEW,FIX,1,1
1140,6L,0,0,16,NEW,FIX,1,1
1141,6J,0,0,47,NEW,FIX,1,1
1142,6H,0,0,62,NEW,FIX,1,1
1143,6I,0,0,31,NEW,FIX,1,1
1144,4M,0,0,81,NEW,FIX,1,1
1145,6T,0,0,57,NEW,FIX,1,1
1146,6O,0,0,NaN,EXTNEW,EXT,1,1
1147,6P,0,0,85,NEW,FIX,1,1
1148,6Q,0,0,53,NEW,FIX,1,1
1149,6R,0,0,55,NEW,FIX,1,1
1150,6S,0,0,18,NEW,FIX,1,1
1151,Z3,0,0,4,NEW,FIX,1,1
1152,0C,0,0,18,NEW,FIX,1,1
1153,1A,0,0,86,NEW,FIX,1,1
1154,1W,0,0,64,NEW,FIX,1,1
1158,UX,0,0,16,NEW,FIX,1,1
1159,U6,0,0,81,NEW,FIX,1,1
1160,VJ,0,0,93,NEW,FIX,1,1
1161,4H,0,0,16,NEW,FIX,1,1
1162,VS,0,0,83,NEW,FIX,1,1
1163,5K,0,0,82,NEW,FIX,1,1
1164,5E,0,0,56,NEW,FIX,1,1
1165,5D,0,0,89,NEW,FIX,1,1
1166,5L,0,0,73,NEW,FIX,1,1
1167,YI,0,0,67,NEW,FIX,1,1
