FID,pid,code,startcode,endcode,startnr,endr,oldstatus,newstatus,change,ok
0,6360-6360,NIV.0,#N/A,#N/A,-1,100,NIV,DEL,0,1
1,6360-6365,K2-K7,K2,K7,24,53,FIX,FIX,1,1
2,6342-6365,DEL.KM-K7,KM,K7,53,61,DEL,DEL,1,1
3,6342-6361,DEL.KM-K3,KM,K3,61,73,DEL,DEL,1,1
4,6361-6403,K3-L7,K3,L7,14,73,FIX,FIX,1,1
5,6403-6407,DEL.L7-MB,L7,MB,14,71,DEL,DEL,1,1
6,6398-6407,DEL.L2-MB,L2,MB,29,71,DEL,DEL,1,1
7,6396-6398,L0-L2,L0,L2,23,29,FIX,FIX,1,1
8,6394-6396,DEL.LY-L0,LY,L0,-1,23,DEL,DEL,1,1
9,6394-6395,DEL.LY-LZ,LY,LZ,-1,59,DEL,DEL,1,1
10,6395-6413,LZ-MG,LZ,MG,54,59,FIX,FIX,1,1
11,6413-6425,MG-MS,MG,MS,54,84,FIX,FIX,1,1
12,6415-6425,MI-MS,MI,MS,80,84,FIX,FIX,1,1
13,6411-6415,DEL.MF-MI,MF,MI,5,80,DEL,DEL,0,1
14,6367-6368,DEL.K9-LA,K9,LA,-1,-1,DEL,DEL,1,1
15,6366-6366,NIV.15,#N/A,#N/A,-1,100,NIV,DEL,0,1
16,6480-6480,NIV.16,#N/A,#N/A,-1,100,NIV,DEL,0,1
17,6480-6484,OB-OF,OB,OF,15,18,FIX,FIX,0,1
18,6484-6485,DEL.OF-OG,OF,OG,15,16,DEL,DEL,0,1
19,6485-6486,OG-OH,OG,OH,16,19,FIX,FIX,0,1
20,6486-6486,NIV.20,#N/A,#N/A,-1,100,NIV,DEL,0,1
21,6542-6542,NIV.21,#N/A,#N/A,-1,100,NIV,DEL,0,1
22,6536-6542,PT-PZ,PT,PZ,60,76,FIX,FIX,1,1
23,6520-6536,PD-PT,PD,PT,61,76,FIX,FIX,0,1
24,6519-6520,PC-PD,PC,PD,61,77,FIX,FIX,1,1
25,6508-6519,O3-PC,O3,PC,57,77,FIX,FIX,1,1
26,6504-6508,OZ-O3,OZ,O3,30,57,FIX,FIX,1,1
27,6503-6504,OY-OZ,OY,OZ,30,62,FIX,FIX,1,1
28,6501-6503,DEL.OW-OY,OW,OY,54,62,DEL,DEL,1,1
29,6468-6501,NZ-OW,NZ,OW,54,92,FIX,FIX,1,1
30,6456-6468,DEL.NN-NZ,NN,NZ,-1,92,DEL,DEL,1,1
31,6455-6456,DEL.NM-NN,NM,NN,-1,49,DEL,DEL,1,1
32,6453-6455,DEL.NK-NM,NK,NM,-1,49,DEL,DEL,1,1
33,6452-6453,DEL.NJ-NK,NJ,NK,-1,-1,DEL,DEL,1,1
34,6452-6456,DEL.NJ-NN,NJ,NN,-1,-1,DEL,DEL,1,1
35,6477-6477,NIV.35,#N/A,#N/A,-1,100,NIV,DEL,0,1
36,6476-6477,DEL.N7-N8,N7,N8,13,64,DEL,DEL,1,1
37,6466-6476,NX-N7,NX,N7,46,64,FIX,FIX,1,1
38,6454-6466,DEL.NL-NX,NL,NX,-1,46,DEL,DEL,1,1
39,6454-6454,NIV.39,#N/A,#N/A,-1,100,NIV,DEL,0,1
40,6515-6515,NIV.40,#N/A,#N/A,-1,100,NIV,DEL,0,1
41,6515-6516,O8-O9,O8,O9,21,67,FIX,FIX,1,1
42,6516-6534,O9-PR,O9,PR,67,70,FIX,FIX,1,1
43,6534-6535,PR-PS,PR,PS,70,78,FIX,FIX,1,1
44,6513-6535,O6-PS,O6,PS,63,78,FIX,FIX,1,1
45,6513-6514,O6-O7,O6,O7,58,63,FIX,FIX,1,1
46,6510-6514,DEL.O5-O7,O5,O7,58,75,DEL,DEL,1,1
47,6509-6510,O4-O5,O4,O5,50,75,FIX,FIX,1,1
48,6509-6518,O4-PB,O4,PB,50,69,FIX,FIX,1,1
49,6518-6518,NIV.49,#N/A,#N/A,-1,100,NIV,DEL,0,1
50,6341-6341,NIV.50,#N/A,#N/A,-1,100,NIV,DEL,0,1
51,6341-6342,KL-KM,KL,KM,11,61,FIX,FIX,1,1
52,6340-6340,NIV.52,#N/A,#N/A,-1,100,NIV,DEL,0,1
53,6339-6340,KJ-KK,KJ,KK,9,52,FIX,FIX,1,1
54,6338-6339,KI-KJ,KI,KJ,9,50,FIX,FIX,1,1
55,6411-6411,NIV.55,#N/A,#N/A,-1,100,NIV,DEL,0,1
56,6410-6411,ME-MF,ME,MF,5,22,FIX,FIX,1,1
57,6408-6410,DEL.MC-ME,MC,ME,8,22,DEL,DEL,1,1
58,6404-6408,L8-MC,L8,MC,3,8,FIX,FIX,1,1
59,6371-6404,LC-L8,LC,L8,3,63,FIX,FIX,1,1
60,6370-6371,DEL.LB-LC,LB,LC,4,63,DEL,DEL,1,1
61,6368-6370,DEL.LA-LB,LA,LB,-1,4,DEL,DEL,1,1
62,6489-6489,NIV.62,#N/A,#N/A,-1,100,NIV,DEL,0,1
63,6483-6489,DEL.OE-OK,OE,OK,8,17,DEL,DEL,0,1
64,6483-6497,OE-OS,OE,OS,8,20,FIX,FIX,1,1
65,6497-6498,OS-OT,OS,OT,20,27,FIX,FIX,1,1
66,6473-6498,N4-OT,N4,OT,27,94,FIX,FIX,1,1
67,6422-6473,MP-N4,MP,N4,72,94,FIX,FIX,1,1
68,6420-6422,MN-MP,MN,MP,72,92,FIX,FIX,1,1
69,6419-6420,MM-MN,MM,MN,47,92,FIX,FIX,1,1
70,6418-6419,DEL.ML-MM,ML,MM,24,47,DEL,DEL,1,1
71,6418-7192,DEL.ML-TJ,ML,TJ,24,34,DEL,DEL,1,1
72,6367-6367,NIV.72,#N/A,#N/A,-1,100,NIV,DEL,0,1
73,6359-6359,NIV.73,#N/A,#N/A,-1,100,NIV,DEL,0,1
74,6358-6359,K0-K1,K0,K1,26,78,FIX,FIX,1,1
75,6196-6358,DEL.GM-K0,GM,K0,26,28,DEL,DEL,0,1
76,6451-6451,NIV.76,#N/A,#N/A,-1,100,NIV,DEL,0,1
77,6437-6451,M4-NI,M4,NI,18,82,FIX,FIX,1,1
78,6436-6437,DEL.M3-M4,M3,M4,18,28,DEL,DEL,0,1
79,6399-6436,L3-M3,L3,M3,28,35,FIX,FIX,0,1
80,6399-6400,DEL.L3-L4,L3,L4,26,35,DEL,DEL,1,1
81,6400-6464,DEL.L4-NV,L4,NV,26,40,DEL,DEL,1,1
82,6463-6464,NU-NV,NU,NV,40,44,FIX,FIX,1,1
83,6463-6465,NU-NW,NU,NW,44,45,FIX,FIX,0,1
84,6465-6466,NW-NX,NW,NX,45,46,FIX,FIX,0,1
85,6445-6445,NIV.85,#N/A,#N/A,-1,100,NIV,DEL,0,1
86,6444-6445,NB-NC,NB,NC,6,81,FIX,FIX,1,1
87,6433-6444,M0-NB,M0,NB,6,90,FIX,FIX,1,1
88,6432-6433,MZ-M0,MZ,M0,11,90,FIX,FIX,1,1
89,6431-6432,DEL.MY-MZ,MY,MZ,11,42,DEL,DEL,0,1
90,6382-6431,DEL.LM-MY,LM,MY,42,98,DEL,DEL,1,1
91,6382-6383,LM-LN,LM,LN,44,98,FIX,FIX,1,1
92,6383-6434,DEL.LN-M1,LN,M1,4,44,DEL,DEL,0,1
93,6434-6443,M1-NA,M1,NA,4,72,FIX,FIX,0,1
94,6441-6443,M8-NA,M8,NA,72,97,FIX,FIX,1,1
95,6441-6442,DEL.M8-M9,M8,M9,70,97,DEL,DEL,1,1
96,6428-6442,MV-M9,MV,M9,66,70,FIX,FIX,0,1
97,6428-6429,MV-MW,MV,MW,66,76,FIX,FIX,1,1
98,6502-6502,NIV.98,#N/A,#N/A,-1,100,NIV,DEL,0,1
99,6500-6502,OV-OX,OV,OX,8,9,FIX,FIX,0,1
100,6447-6500,DEL.NE-OV,NE,OV,3,8,DEL,DEL,0,1
101,6447-6448,DEL.NE-NF,NE,NF,-1,3,DEL,DEL,1,1
102,6448-6449,DEL.NF-NG,NF,NG,-1,54,DEL,DEL,1,1
103,6536-6537,PT-PU,PT,PU,72,76,FIX,FIX,1,1
104,6537-6543,PU-P0,PU,P0,66,72,FIX,FIX,1,1
105,6541-6543,PY-P0,PY,P0,66,86,FIX,FIX,1,1
106,6540-6541,PX-PY,PX,PY,71,86,FIX,FIX,1,1
107,6539-6540,PW-PX,PW,PX,68,71,FIX,FIX,1,1
108,6529-6539,PM-PW,PM,PW,68,73,FIX,FIX,1,1
109,6529-6534,PM-PR,PM,PR,70,73,FIX,FIX,1,1
110,6452-6452,NIV.110,#N/A,#N/A,-1,100,NIV,DEL,0,1
111,6393-6393,NIV.111,#N/A,#N/A,-1,100,NIV,DEL,0,1
112,6392-6393,LW-LX,LW,LX,13,15,FIX,FIX,1,1
113,6392-6402,LW-L6,LW,L6,13,33,FIX,FIX,1,1
114,6386-6402,DEL.LQ-L6,LQ,L6,5,33,DEL,DEL,1,1
115,6386-6388,DEL.LQ-LS,LQ,LS,5,68,DEL,DEL,1,1
116,6385-6388,DEL.LP-LS,LP,LS,-1,68,DEL,DEL,1,1
117,6364-6385,DEL.K6-LP,K6,LP,-1,-1,DEL,DEL,1,1
118,6364-6365,DEL.K6-K7,K6,K7,-1,53,DEL,DEL,1,1
119,6387-6387,NIV.119,#N/A,#N/A,-1,100,NIV,DEL,0,1
120,6387-6391,DEL.LR-LV,LR,LV,17,25,DEL,DEL,0,1
121,6361-6362,K3-K4,K3,K4,73,77,FIX,FIX,1,1
122,6453-6453,NIV.122,#N/A,#N/A,-1,100,NIV,DEL,0,1
123,6415-6416,MI-MJ,MI,MJ,80,88,FIX,FIX,0,1
124,6416-6417,MJ-MK,MJ,MK,88,89,FIX,FIX,0,1
125,6417-6421,MK-MO,MK,MO,67,89,FIX,FIX,1,1
126,6419-6421,MM-MO,MM,MO,47,67,FIX,FIX,1,1
127,6409-6409,NIV.127,#N/A,#N/A,-1,100,NIV,DEL,0,1
128,6409-6410,MD-ME,MD,ME,22,87,FIX,FIX,1,1
129,6514-6514,NIV.129,#N/A,#N/A,-1,100,NIV,DEL,0,1
130,6359-6360,K1-K2,K1,K2,24,78,FIX,FIX,1,1
131,6341-6371,KL-LC,KL,LC,11,63,FIX,FIX,1,1
132,6451-6451,NIV.132,#N/A,#N/A,-1,100,NIV,DEL,0,1
133,6446-6447,ND-NE,ND,NE,3,75,FIX,FIX,0,1
134,6445-6446,NC-ND,NC,ND,75,81,FIX,FIX,1,1
135,6438-6445,M5-NC,M5,NC,48,81,FIX,FIX,1,1
136,6437-6438,DEL.M4-M5,M4,M5,18,48,DEL,DEL,1,1
137,6450-6450,NIV.137,#N/A,#N/A,-1,100,NIV,DEL,0,1
138,6450-6450,NIV.138,#N/A,#N/A,-1,100,NIV,DEL,0,1
139,-,NIV.139,#N/A,#N/A,-1,100,NIV,DEL,0,1
140,6450-6450,NIV.140,#N/A,#N/A,-1,100,NIV,DEL,0,1
141,6439-6440,DEL.M6-M7,M6,M7,73,74,DEL,DEL,0,1
142,6439-6448,DEL.M6-NF,M6,NF,-1,74,DEL,DEL,1,1
143,6391-6392,LV-LW,LV,LW,13,17,FIX,FIX,1,1
144,6516-6517,O9-PA,O9,PA,67,74,FIX,FIX,1,1
145,6517-6537,PA-PU,PA,PU,72,74,FIX,FIX,1,1
146,6403-6404,L7-L8,L7,L8,3,14,FIX,FIX,1,1
147,6478-6479,N9-OA,N9,OA,6,36,FIX,FIX,1,1
148,6420-6479,MN-OA,MN,OA,36,92,FIX,FIX,1,1
149,6479-6498,OA-OT,OA,OT,27,36,FIX,FIX,1,1
150,6434-6442,M1-M9,M1,M9,4,70,FIX,FIX,0,1
151,6513-6515,O6-O8,O6,O8,21,63,FIX,FIX,1,1
152,6394-6394,NIV.152,#N/A,#N/A,-1,100,NIV,DEL,0,1
153,-,NIV.153,#N/A,#N/A,-1,100,NIV,DEL,0,1
154,6393-6393,NIV.154,#N/A,#N/A,-1,100,NIV,DEL,0,1
155,6395-6395,NIV.155,#N/A,#N/A,-1,100,NIV,DEL,0,1
156,6395-6395,NIV.156,#N/A,#N/A,-1,100,NIV,DEL,0,1
157,6427-6428,MU-MV,MU,MV,48,66,FIX,FIX,0,1
158,6427-6430,DEL.MU-MX,MU,MX,48,49,DEL,DEL,0,1
159,6375-6427,LG-MU,LG,MU,48,88,FIX,FIX,1,1
160,6375-6376,DEL.LG-LH,LG,LH,36,88,DEL,DEL,1,1
161,6355-6358,DEL.KX-K0,KX,K0,26,94,DEL,DEL,1,1
162,6351-6355,KT-KX,KT,KX,1,94,FIX,FIX,1,1
163,6347-6351,DEL.KQ-KT,KQ,KT,1,67,DEL,DEL,1,1
164,6347-6348,DEL.KQ-KR,KQ,KR,-1,67,DEL,DEL,1,1
165,6348-6997,DEL.KR-SB,KR,SB,-1,34,DEL,DEL,1,1
166,-,NIV.166,#N/A,#N/A,-1,100,NIV,DEL,0,1
167,-,NIV.167,#N/A,#N/A,-1,100,NIV,DEL,0,1
168,-,NIV.168,#N/A,#N/A,-1,100,NIV,DEL,0,1
169,6436-6436,NIV.169,#N/A,#N/A,-1,100,NIV,DEL,0,1
170,6398-6400,DEL.L2-L4,L2,L4,26,29,DEL,DEL,1,1
171,-,NIV.171,#N/A,#N/A,-1,100,NIV,DEL,0,1
172,6413-6413,NIV.172,#N/A,#N/A,-1,100,NIV,DEL,0,1
173,6414-6464,MH-NV,MH,NV,40,60,FIX,FIX,1,1
174,6414-6414,NIV.174,#N/A,#N/A,-1,100,NIV,DEL,0,1
175,6414-6424,DEL.MH-MR,MH,MR,55,60,DEL,DEL,1,1
176,6423-6424,MQ-MR,MQ,MR,55,82,FIX,FIX,1,1
177,6422-6423,MP-MQ,MP,MQ,72,82,FIX,FIX,1,1
178,6454-6477,DEL.NL-N8,NL,N8,-1,13,DEL,DEL,1,1
179,6374-6375,DEL.LF-LG,LF,LG,88,96,DEL,DEL,1,1
180,6373-6374,LE-LF,LE,LF,45,96,FIX,FIX,1,1
181,6357-6373,KZ-LE,KZ,LE,45,69,FIX,FIX,1,1
182,6356-6357,KY-KZ,KY,KZ,39,69,FIX,FIX,1,1
183,6352-6356,KU-KY,KU,KY,39,76,FIX,FIX,0,1
184,6351-6352,DEL.KT-KU,KT,KU,1,76,DEL,DEL,0,1
185,-,NIV.185,#N/A,#N/A,-1,100,NIV,DEL,0,1
186,6374-6383,LF-LN,LF,LN,44,96,FIX,FIX,1,1
187,6356-6383,KY-LN,KY,LN,39,44,FIX,FIX,0,1
188,6352-6353,DEL.KU-KV,KU,KV,40,76,DEL,DEL,0,1
189,6353-6354,DEL.KV-KW,KV,KW,40,66,DEL,DEL,0,1
190,6354-6355,DEL.KW-KX,KW,KX,66,94,DEL,DEL,1,1
191,6363-6364,DEL.K5-K6,K5,K6,-1,74,DEL,DEL,1,1
192,6362-6363,K4-K5,K4,K5,74,77,FIX,FIX,1,1
193,6465-6471,NW-N2,NW,N2,45,56,FIX,FIX,0,1
194,6463-6471,NU-N2,NU,N2,44,56,FIX,FIX,0,1
195,6396-6397,L0-L1,L0,L1,23,39,FIX,FIX,1,1
196,6397-6401,DEL.L1-L5,L1,L5,34,39,DEL,DEL,0,1
197,6399-6401,DEL.L3-L5,L3,L5,34,35,DEL,DEL,0,1
198,6524-6540,DEL.PH-PX,PH,PX,59,71,DEL,DEL,1,1
199,6524-6525,PH-PI,PH,PI,9,59,FIX,FIX,1,1
200,6487-6525,DEL.OI-PI,OI,PI,9,11,DEL,DEL,0,1
201,6488-6523,DEL.OJ-PG,OJ,PG,10,98,DEL,DEL,0,1
202,6522-6523,PF-PG,PF,PG,25,98,FIX,FIX,1,1
203,6521-6522,PE-PF,PE,PF,25,96,FIX,FIX,1,1
204,6474-6521,DEL.N5-PE,N5,PE,-1,96,DEL,DEL,1,1
205,6473-6474,DEL.N4-N5,N4,N5,-1,94,DEL,DEL,1,1
206,6525-6529,PI-PM,PI,PM,9,73,FIX,FIX,1,1
207,6487-6487,NIV.207,#N/A,#N/A,-1,100,NIV,DEL,0,1
208,6504-6505,OZ-O0,OZ,O0,30,38,FIX,FIX,0,1
209,6505-6506,DEL.O0-O1,O0,O1,24,38,DEL,DEL,0,1
210,6506-6507,DEL.O1-O2,O1,O2,24,39,DEL,DEL,1,1
211,6500-6507,DEL.OV-O2,OV,O2,8,39,DEL,DEL,1,1
212,6517-6518,PA-PB,PA,PB,69,74,FIX,FIX,1,1
213,6348-6357,DEL.KR-KZ,KR,KZ,-1,69,DEL,DEL,1,1
214,-,NIV.214,#N/A,#N/A,-1,100,NIV,DEL,0,1
215,-,NIV.215,#N/A,#N/A,-1,100,NIV,DEL,0,1
216,6523-6535,DEL.PG-PS,PG,PS,78,98,DEL,DEL,1,1
217,6405-6407,DEL.L9-MB,L9,MB,71,76,DEL,DEL,1,1
218,6405-6408,DEL.L9-MC,L9,MC,8,76,DEL,DEL,1,1
219,6405-6406,L9-MA,L9,MA,70,76,FIX,FIX,1,1
220,6406-6406,NIV.220,#N/A,#N/A,-1,100,NIV,DEL,0,1
221,6406-6406,NIV.221,#N/A,#N/A,-1,100,NIV,DEL,0,1
222,6471-6472,DEL.N2-N3,N2,N3,52,56,DEL,DEL,1,1
223,6424-6472,MR-N3,MR,N3,52,55,FIX,FIX,1,1
224,6472-6475,N3-N6,N3,N6,52,65,FIX,FIX,1,1
225,6474-6475,DEL.N5-N6,N5,N6,-1,65,DEL,DEL,1,1
226,6475-6476,N6-N7,N6,N7,64,65,FIX,FIX,1,1
227,6508-6509,DEL.O3-O4,O3,O4,50,57,DEL,DEL,1,1
228,6468-6468,NIV.228,#N/A,#N/A,-1,100,NIV,DEL,0,1
229,6481-6482,OC-OD,OC,OD,13,53,FIX,FIX,1,1
230,6482-6483,OD-OE,OD,OE,8,53,FIX,FIX,1,1
231,6482-6484,OD-OF,OD,OF,15,53,FIX,FIX,1,1
232,6521-6521,NIV.232,#N/A,#N/A,-1,100,NIV,DEL,0,1
233,-,NIV.233,#N/A,#N/A,-1,100,NIV,DEL,0,1
234,6503-6506,OY-O1,OY,O1,24,62,FIX,FIX,1,1
235,6363-6388,K5-LS,K5,LS,68,74,FIX,FIX,1,1
236,6440-6441,M7-M8,M7,M8,73,97,FIX,FIX,1,1
237,6433-6434,DEL.M0-M1,M0,M1,4,90,DEL,DEL,1,1
238,-,NIV.238,#N/A,#N/A,-1,100,NIV,DEL,0,1
239,6381-6382,LL-LM,LL,LM,95,98,FIX,FIX,1,1
240,6380-6381,DEL.LK-LL,LK,LL,20,95,DEL,DEL,1,1
241,6380-6384,DEL.LK-LO,LK,LO,20,21,DEL,DEL,1,1
242,6379-6384,LJ-LO,LJ,LO,12,21,FIX,FIX,1,1
243,6379-6379,NIV.243,#N/A,#N/A,-1,100,NIV,DEL,0,1
244,6384-6384,NIV.244,#N/A,#N/A,-1,100,NIV,DEL,0,1
245,6384-6384,NIV.245,#N/A,#N/A,-1,100,NIV,DEL,0,1
246,6423-6426,MQ-MT,MQ,MT,62,82,FIX,FIX,0,1
247,6421-6426,MO-MT,MO,MT,62,67,FIX,FIX,1,1
248,6397-6402,L1-L6,L1,L6,33,39,FIX,FIX,0,1
249,6505-6520,DEL.O0-PD,O0,PD,38,61,DEL,DEL,0,1
250,6499-6501,DEL.OU-OW,OU,OW,22,54,DEL,DEL,1,1
251,6499-6502,DEL.OU-OX,OU,OX,9,22,DEL,DEL,0,1
252,-,NIV.252,#N/A,#N/A,-1,100,NIV,DEL,0,1
253,-,NIV.253,#N/A,#N/A,-1,100,NIV,DEL,0,1
254,6409-6409,NIV.254,#N/A,#N/A,-1,100,NIV,DEL,0,1
255,6432-6435,MZ-M2,MZ,M2,11,16,FIX,FIX,0,1
256,6431-6435,DEL.MY-M2,MY,M2,16,42,DEL,DEL,0,1
257,6390-6390,NIV.257,#N/A,#N/A,-1,100,NIV,DEL,0,1
258,6389-6390,DEL.LT-LU,LT,LU,-1,14,DEL,DEL,1,1
259,6386-6389,DEL.LQ-LT,LQ,LT,-1,5,DEL,DEL,1,1
260,6389-6401,DEL.LT-L5,LT,L5,-1,34,DEL,DEL,1,1
261,6499-6507,OU-O2,OU,O2,22,39,FIX,FIX,1,1
262,6455-6510,DEL.NM-O5,NM,O5,49,75,DEL,DEL,1,1
263,6353-6381,KV-LL,KV,LL,40,95,FIX,FIX,1,1
264,6380-6390,LK-LU,LK,LU,14,20,FIX,FIX,1,1
265,6435-6438,M2-M5,M2,M5,16,48,FIX,FIX,1,1
266,6339-6370,KJ-LB,KJ,LB,4,9,FIX,FIX,1,1
267,6354-6354,NIV.267,#N/A,#N/A,-1,100,NIV,DEL,0,1
268,6439-6528,M6-PL,M6,PL,1,74,FIX,FIX,0,1
269,-,NIV.269,#N/A,#N/A,-1,100,NIV,DEL,0,1
270,-,NIV.270,#N/A,#N/A,-1,100,NIV,DEL,0,1
271,-,NIV.271,#N/A,#N/A,-1,100,NIV,DEL,0,1
272,6497-6522,OS-PF,OS,PF,20,25,FIX,FIX,1,1
273,6417-6418,MK-ML,MK,ML,24,89,FIX,FIX,1,1
274,6538-6543,PV-P0,PV,P0,66,84,FIX,FIX,1,1
275,6516-6538,O9-PV,O9,PV,67,84,FIX,FIX,1,1
276,6538-6539,PV-PW,PV,PW,68,84,FIX,FIX,1,1
277,6372-6373,DEL.LD-LE,LD,LE,35,45,DEL,DEL,0,1
278,6519-6519,NIV.278,#N/A,#N/A,-1,100,NIV,DEL,0,1
279,-,NIV.279,#N/A,#N/A,-1,100,NIV,DEL,0,1
280,6425-6426,MS-MT,MS,MT,62,84,FIX,FIX,1,1
281,6443-6444,NA-NB,NA,NB,6,72,FIX,FIX,0,1
282,6428-6428,NIV.282,#N/A,#N/A,-1,100,NIV,DEL,0,1
283,6100-6100,NIV.283,#N/A,#N/A,-1,100,NIV,DEL,0,1
284,6100-6103,DEL.D2-D4,D2,D4,32,85,DEL,DEL,0,1
285,6067-6067,NIV.285,#N/A,#N/A,-1,100,NIV,DEL,0,1
286,6062-6063,C0-C1,C0,C1,63,82,FIX,FIX,1,1
287,6062-6095,DX-C0,DX,C0,60,63,FIX,FIX,0,1
288,6094-6095,DEL.DW-DX,DW,DX,6,60,DEL,DEL,1,1
289,6093-6094,DEL.DV-DW,DV,DW,6,42,DEL,DEL,1,1
290,6092-6093,DU-DV,DU,DV,12,42,FIX,FIX,1,1
291,6089-6092,DR-DU,DR,DU,3,12,FIX,FIX,1,1
292,6088-6089,DEL.DQ-DR,DQ,DR,3,5,DEL,DEL,0,1
293,6087-6088,DP-DQ,DP,DQ,5,49,FIX,FIX,1,1
294,6086-6087,DO-DP,DO,DP,46,49,FIX,FIX,1,1
295,6085-6086,DN-DO,DN,DO,4,46,FIX,FIX,1,1
296,6084-6085,DM-DN,DM,DN,4,36,FIX,FIX,1,1
297,6083-6084,DL-DM,DL,DM,36,65,FIX,FIX,1,1
298,6082-6083,DK-DL,DK,DL,26,65,FIX,FIX,0,1
299,6081-6082,DJ-DK,DJ,DK,26,57,FIX,FIX,1,1
300,6079-6081,DH-DJ,DH,DJ,57,70,FIX,FIX,1,1
301,6079-6080,DEL.DH-DI,DH,DI,70,99,DEL,DEL,0,1
302,6078-6080,DG-DI,DG,DI,97,99,FIX,FIX,0,1
303,6077-6078,DF-DG,DF,DG,67,97,FIX,FIX,1,1
304,6077-6114,DEL.DF-EF,DF,EF,67,74,DEL,DEL,1,1
305,6113-6114,DEL.EE-EF,EE,EF,-1,74,DEL,DEL,1,1
306,6112-6113,DEL.ED-EE,ED,EE,-1,77,DEL,DEL,1,1
307,6017-6112,DEL.ED-BR,ED,BR,54,77,DEL,DEL,0,1
308,6016-6017,BQ-BR,BQ,BR,44,54,FIX,FIX,1,1
309,6015-6016,DEL.BP-BQ,BP,BQ,44,55,DEL,DEL,1,1
310,6015-6111,DEL.EC-BP,EC,BP,-1,55,DEL,DEL,1,1
311,6110-6111,DEL.EB-EC,EB,EC,-1,63,DEL,DEL,1,1
312,6110-6116,EB-EH,EB,EH,63,88,FIX,FIX,1,1
313,6116-6118,EH-EJ,EH,EJ,72,88,FIX,FIX,1,1
314,6118-6166,EJ-FS,EJ,FS,72,90,FIX,FIX,1,1
315,6166-6167,FS-FT,FS,FT,82,90,FIX,FIX,1,1
316,6167-6168,FT-FU,FT,FU,6,82,FIX,FIX,1,1
317,6168-6173,DEL.FU-FZ,FU,FZ,-1,6,DEL,DEL,1,1
318,6172-6173,DEL.FY-FZ,FY,FZ,-1,11,DEL,DEL,1,1
319,6171-6172,FX-FY,FX,FY,11,22,FIX,FIX,0,1
320,6168-6171,FU-FX,FU,FX,6,22,FIX,FIX,1,1
321,6168-6175,FU-F1,FU,F1,6,21,FIX,FIX,1,1
322,6170-6175,FW-F1,FW,F1,21,89,FIX,FIX,1,1
323,6170-6192,FW-GI,FW,GI,15,89,FIX,FIX,1,1
324,6192-6193,GI-GJ,GI,GJ,15,75,FIX,FIX,1,1
325,6193-6194,GJ-GK,GJ,GK,18,75,FIX,FIX,1,1
326,6194-6203,DEL.GK-GT,GK,GT,-1,18,DEL,DEL,1,1
327,6202-6203,DEL.GS-GT,GS,GT,-1,-1,DEL,DEL,1,1
328,6199-6201,GP-GR,GP,GR,38,58,FIX,FIX,1,1
329,6199-6200,GP-GQ,GP,GQ,36,58,FIX,FIX,1,1
330,6200-6207,GQ-GX,GQ,GX,36,56,FIX,FIX,1,1
331,6206-6207,DEL.GW-GX,GW,GX,42,56,DEL,DEL,1,1
332,6205-6206,GV-GW,GV,GW,27,42,FIX,FIX,1,1
333,6187-6205,GD-GV,GD,GV,27,34,FIX,FIX,1,1
334,6187-6188,GD-GE,GD,GE,25,34,FIX,FIX,0,1
335,6171-6188,DEL.FX-GE,FX,GE,22,25,DEL,DEL,0,1
336,-,NIV.336,#N/A,#N/A,-1,100,NIV,DEL,0,1
337,7153-7153,NIV.337,#N/A,#N/A,-1,100,NIV,DEL,0,1
338,5994-5995,A6-A7,A6,A7,49,73,FIX,FIX,1,1
339,5995-5996,A7-A8,A7,A8,33,73,FIX,FIX,1,1
340,5991-5996,A3-A8,A3,A8,33,62,FIX,FIX,1,1
341,5990-5991,A2-A3,A2,A3,39,62,FIX,FIX,1,1
342,5990-5993,A2-A5,A2,A5,13,39,FIX,FIX,1,1
343,5988-5993,A0-A5,A0,A5,13,36,FIX,FIX,1,1
344,5985-5988,AX-A0,AX,A0,33,36,FIX,FIX,0,1
345,5984-5985,DEL.AW-AX,AW,AX,33,88,DEL,DEL,1,1
346,5983-5984,AV-AW,AV,AW,84,88,FIX,FIX,1,1
347,5982-5983,AU-AV,AU,AV,26,84,FIX,FIX,1,1
348,5981-5982,AT-AU,AT,AU,26,29,FIX,FIX,0,1
349,5980-5981,AS-AT,AS,AT,29,89,FIX,FIX,1,1
350,5980-5987,AS-AZ,AS,AZ,80,89,FIX,FIX,1,1
351,5986-5987,AY-AZ,AY,AZ,76,80,FIX,FIX,1,1
352,5985-5986,AX-AY,AX,AY,33,76,FIX,FIX,1,1
353,6164-6164,NIV.353,#N/A,#N/A,-1,100,NIV,DEL,0,1
354,6163-6164,FP-FQ,FP,FQ,62,96,FIX,FIX,1,1
355,6162-6163,DEL.FO-FP,FO,FP,59,96,DEL,DEL,1,1
356,6161-6162,FN-FO,FN,FO,59,88,FIX,FIX,1,1
357,6160-6161,FM-FN,FM,FN,33,88,FIX,FIX,1,1
358,6138-6160,E1-FM,E1,FM,33,89,FIX,FIX,1,1
359,6137-6138,DEL.E0-E1,E0,E1,-1,89,DEL,DEL,1,1
360,6136-6137,DEL.EZ-E0,EZ,E0,-1,81,DEL,DEL,1,1
361,6136-6142,DEL.EZ-E5,EZ,E5,80,81,DEL,DEL,0,1
362,6142-6143,E5-E6,E5,E6,17,80,FIX,FIX,1,1
363,6143-6144,DEL.E6-E7,E6,E7,17,77,DEL,DEL,1,1
364,6141-6145,E4-E8,E4,E8,38,78,FIX,FIX,1,1
365,6140-6141,E3-E4,E3,E4,38,75,FIX,FIX,1,1
366,6134-6140,DEL.EX-E3,EX,E3,24,75,DEL,DEL,1,1
367,6134-6135,EX-EY,EX,EY,24,84,FIX,FIX,1,1
368,6135-6139,EY-E2,EY,E2,72,84,FIX,FIX,1,1
369,6138-6139,DEL.E1-E2,E1,E2,72,89,DEL,DEL,0,1
370,6178-6178,NIV.370,#N/A,#N/A,-1,100,NIV,DEL,0,1
371,6178-6185,F4-GB,F4,GB,28,32,FIX,FIX,0,1
372,6184-6185,DEL.GA-GB,GA,GB,31,32,DEL,DEL,0,1
373,6183-6184,F9-GA,F9,GA,31,55,FIX,FIX,1,1
374,6180-6181,F6-F7,F6,F7,20,97,FIX,FIX,1,1
375,6179-6180,F5-F6,F5,F6,20,29,FIX,FIX,1,1
376,6179-6184,F5-GA,F5,GA,29,31,FIX,FIX,0,1
377,6184-6186,DEL.GA-GC,GA,GC,31,35,DEL,DEL,0,1
378,6186-6187,DEL.GC-GD,GC,GD,34,35,DEL,DEL,0,1
379,6211-6211,NIV.379,#N/A,#N/A,-1,100,NIV,DEL,0,1
380,5963-5963,NIV.380,#N/A,#N/A,-1,100,NIV,DEL,0,1
381,5960-5963,AB-AE,AB,AE,11,20,FIX,FIX,0,1
382,5960-5961,AB-AC,AB,AC,20,83,FIX,FIX,1,1
383,5961-6005,DEL.AC-BF,AC,BF,-1,83,DEL,DEL,1,1
384,6005-6006,DEL.BF-BG,BF,BG,-1,42,DEL,DEL,1,1
385,6006-6022,DEL.BG-BW,BG,BW,-1,42,DEL,DEL,1,1
386,6021-6022,DEL.BV-BW,BV,BW,-1,38,DEL,DEL,1,1
387,6021-6026,DEL.BV-B0,BV,B0,38,62,DEL,DEL,1,1
388,6025-6026,BZ-B0,BZ,B0,60,62,FIX,FIX,1,1
389,6023-6025,BX-BZ,BX,BZ,29,60,FIX,FIX,1,1
390,6023-6031,BX-B5,BX,B5,27,29,FIX,FIX,0,1
391,6030-6031,B4-B5,B4,B5,27,59,FIX,FIX,1,1
392,6030-6039,B4-CD,B4,CD,33,59,FIX,FIX,1,1
393,6038-6039,CC-CD,CC,CD,23,33,FIX,FIX,1,1
394,6037-6038,CB-CC,CB,CC,23,28,FIX,FIX,1,1
395,5971-6037,AK-CB,AK,CB,28,98,FIX,FIX,1,1
396,5971-5972,AK-AL,AK,AL,78,98,FIX,FIX,1,1
397,5972-5974,AL-AN,AL,AN,78,96,FIX,FIX,1,1
398,5974-7088,DEL.AN-SE,AN,SE,8,96,DEL,DEL,1,1
399,5976-7088,DEL.AO-SE,AO,SE,3,8,DEL,DEL,0,1
400,5965-5976,DEL.AO-AG,AO,AG,1,3,DEL,DEL,0,1
401,5964-5965,DEL.AF-AG,AF,AG,1,15,DEL,DEL,1,1
402,5959-5964,DEL.AA-AF,AA,AF,15,46,DEL,DEL,1,1
403,5959-5960,AA-AB,AA,AB,20,46,FIX,FIX,1,1
404,6158-6158,NIV.404,#N/A,#N/A,-1,100,NIV,DEL,0,1
405,6158-6159,FK-FL,FK,FL,26,86,FIX,FIX,1,1
406,6002-6004,BD-BE,BD,BE,52,59,FIX,FIX,1,1
407,5997-6004,A9-BE,A9,BE,52,83,FIX,FIX,1,1
408,5997-5998,DEL.A9-BA,A9,BA,53,83,DEL,DEL,1,1
409,6178-6179,F4-F5,F4,F5,28,29,FIX,FIX,0,1
410,6111-6112,DEL.EC-ED,EC,ED,-1,77,DEL,DEL,1,1
411,6207-6332,GX-KC,GX,KC,46,56,FIX,FIX,1,1
412,6332-6333,KC-KD,KC,KD,46,48,FIX,FIX,1,1
413,6333-6334,KD-KE,KD,KE,45,48,FIX,FIX,1,1
414,6206-6334,DEL.GW-KE,GW,KE,42,45,DEL,DEL,0,1
415,6053-6094,DW-CR,DW,CR,6,34,FIX,FIX,1,1
416,6053-6056,CR-CU,CR,CU,34,55,FIX,FIX,1,1
417,6055-6056,CT-CU,CT,CU,25,55,FIX,FIX,1,1
418,6054-6055,CS-CT,CS,CT,25,92,FIX,FIX,1,1
419,6053-6054,CR-CS,CR,CS,34,92,FIX,FIX,1,1
420,6052-6053,CQ-CR,CQ,CR,10,34,FIX,FIX,1,1
421,6051-6052,DEL.CP-CQ,CP,CQ,10,90,DEL,DEL,1,1
422,6049-6051,DEL.CN-CP,CN,CP,-1,90,DEL,DEL,1,1
423,5984-6049,DEL.AW-CN,AW,CN,-1,88,DEL,DEL,1,1
424,5984-6050,DEL.AW-CO,AW,CO,11,88,DEL,DEL,1,1
425,6046-6050,CK-CO,CK,CO,11,81,FIX,FIX,1,1
426,5981-6046,AT-CK,AT,CK,29,81,FIX,FIX,1,1
427,5981-5983,AT-AV,AT,AV,29,84,FIX,FIX,1,1
428,6051-6057,CP-CV,CP,CV,35,90,FIX,FIX,1,1
429,6057-6059,CV-CX,CV,CX,35,85,FIX,FIX,1,1
430,5989-6059,DEL.A1-CX,A1,CX,38,85,DEL,DEL,1,1
431,5989-5990,DEL.A1-A2,A1,A2,38,39,DEL,DEL,0,1
432,5961-5962,DEL.AC-AD,AC,AD,83,94,DEL,DEL,1,1
433,5962-6025,AD-BZ,AD,BZ,60,94,FIX,FIX,1,1
434,5996-5997,A8-A9,A8,A9,33,83,FIX,FIX,1,1
435,6024-6026,BY-B0,BY,B0,62,66,FIX,FIX,1,1
436,6023-6024,BX-BY,BX,BY,29,66,FIX,FIX,1,1
437,5995-6004,A7-BE,A7,BE,52,73,FIX,FIX,1,1
438,6054-6060,CS-CY,CS,CY,22,92,FIX,FIX,1,1
439,6060-6064,C2-CY,C2,CY,17,22,FIX,FIX,1,1
440,6064-6065,C2-C3,C2,C3,17,20,FIX,FIX,0,1
441,6065-6071,DEL.C3-C9,C3,C9,20,44,DEL,DEL,1,1
442,6069-6071,C7-C9,C7,C9,44,74,FIX,FIX,1,1
443,6068-6069,DEL.C6-C7,C6,C7,57,74,DEL,DEL,1,1
444,6067-6068,C5-C6,C5,C6,54,57,FIX,FIX,1,1
445,6058-6065,C3-CW,C3,CW,20,95,FIX,FIX,1,1
446,6058-6059,CW-CX,CW,CX,85,95,FIX,FIX,1,1
447,6089-6090,DR-DS,DR,DS,3,23,FIX,FIX,1,1
448,6052-6090,DEL.DS-CQ,DS,CQ,10,23,DEL,DEL,1,1
449,-,NIV.449,#N/A,#N/A,-1,100,NIV,DEL,0,1
450,5979-5980,AR-AS,AR,AS,2,89,FIX,FIX,1,1
451,5979-6045,AR-CJ,AR,CJ,2,15,FIX,FIX,1,1
452,6040-6045,DEL.CE-CJ,CE,CJ,15,20,DEL,DEL,0,1
453,6037-6040,CB-CE,CB,CE,20,28,FIX,FIX,1,1
454,6036-6040,CA-CE,CA,CE,20,39,FIX,FIX,1,1
455,6036-6041,DEL.CA-CF,CA,CF,39,58,DEL,DEL,1,1
456,6041-6043,CF-CH,CF,CH,32,58,FIX,FIX,1,1
457,6043-6044,DEL.CH-CI,CH,CI,32,86,DEL,DEL,1,1
458,6044-6046,CI-CK,CI,CK,81,86,FIX,FIX,1,1
459,6186-6208,DEL.GC-GY,GC,GY,35,40,DEL,DEL,0,1
460,6205-6208,GV-GY,GV,GY,27,40,FIX,FIX,1,1
461,6035-6039,B9-CD,B9,CD,25,33,FIX,FIX,1,1
462,6031-6035,B5-B9,B5,B9,25,27,FIX,FIX,0,1
463,6034-6035,B8-B9,B8,B9,9,25,FIX,FIX,1,1
464,6034-6038,B8-CC,B8,CC,9,23,FIX,FIX,1,1
465,6032-6034,B6-B8,B6,B8,9,93,FIX,FIX,1,1
466,6032-6033,B6-B7,B6,B7,56,93,FIX,FIX,1,1
467,6033-6042,B7-CG,B7,CG,56,64,FIX,FIX,0,1
468,6041-6042,CF-CG,CF,CG,58,64,FIX,FIX,0,1
469,6033-6072,DA-B7,DA,B7,30,56,FIX,FIX,1,1
470,6028-6072,DA-B2,DA,B2,30,40,FIX,FIX,1,1
471,6028-6032,B2-B6,B2,B6,40,93,FIX,FIX,1,1
472,6033-6036,B7-CA,B7,CA,39,56,FIX,FIX,1,1
473,6048-6050,CM-CO,CM,CO,11,14,FIX,FIX,1,1
474,6043-6048,CH-CM,CH,CM,14,32,FIX,FIX,1,1
475,-,NIV.475,#N/A,#N/A,-1,100,NIV,DEL,0,1
476,6055-6058,CT-CW,CT,CW,25,95,FIX,FIX,1,1
477,6060-6061,CY-CZ,CY,CZ,22,67,FIX,FIX,1,1
478,6061-6095,DX-CZ,DX,CZ,60,67,FIX,FIX,1,1
479,6081-6086,DJ-DO,DJ,DO,46,57,FIX,FIX,1,1
480,6150-6151,FC-FD,FC,FD,16,66,FIX,FIX,1,1
481,6097-6151,DZ-FD,DZ,FD,16,21,FIX,FIX,1,1
482,6096-6097,DY-DZ,DY,DZ,15,21,FIX,FIX,1,1
483,6097-6098,DZ-D0,DZ,D0,21,61,FIX,FIX,1,1
484,6093-6098,DV-D0,DV,D0,42,61,FIX,FIX,1,1
485,6047-6049,DEL.CL-CN,CL,CN,-1,-1,DEL,DEL,1,1
486,6047-6048,DEL.CL-CM,CL,CM,-1,14,DEL,DEL,1,1
487,6169-6170,FV-FW,FV,FW,12,89,FIX,FIX,1,1
488,6167-6169,FT-FV,FT,FV,12,82,FIX,FIX,1,1
489,6157-6158,FJ-FK,FJ,FK,26,94,FIX,FIX,1,1
490,6137-6157,DEL.E0-FJ,E0,FJ,-1,94,DEL,DEL,1,1
491,6064-6070,C2-C8,C2,C8,17,47,FIX,FIX,1,1
492,6069-6070,C7-C8,C7,C8,47,74,FIX,FIX,1,1
493,6070-6071,C8-C9,C8,C9,44,47,FIX,FIX,1,1
494,-,NIV.494,#N/A,#N/A,-1,100,NIV,DEL,0,1
495,6088-6126,DQ-EQ,DQ,EQ,5,69,FIX,FIX,0,1
496,6126-6128,DEL.EQ-ER,EQ,ER,69,71,DEL,DEL,0,1
497,6131-6132,EU-EV,EU,EV,83,85,FIX,FIX,1,1
498,6130-6131,ET-EU,ET,EU,68,85,FIX,FIX,1,1
499,6130-6176,ET-F2,ET,F2,60,68,FIX,FIX,1,1
500,6176-6177,F2-F3,F2,F3,47,60,FIX,FIX,1,1
501,6177-6177,NIV.501,#N/A,#N/A,-1,100,NIV,DEL,0,1
502,6129-6130,DEL.ES-ET,ES,ET,68,76,DEL,DEL,1,1
503,5988-5989,A0-A1,A0,A1,36,38,FIX,FIX,0,1
504,6092-6099,DU-D1,DU,D1,12,18,FIX,FIX,1,1
505,6098-6099,D0-D1,D0,D1,18,61,FIX,FIX,1,1
506,6129-6161,ES-FN,ES,FN,76,88,FIX,FIX,1,1
507,6164-6164,NIV.507,#N/A,#N/A,-1,100,NIV,DEL,0,1
508,5969-6030,B4-AJ,B4,AJ,26,59,FIX,FIX,1,1
509,5969-5977,AP-AJ,AP,AJ,12,26,FIX,FIX,0,1
510,5971-5977,AK-AP,AK,AP,12,98,FIX,FIX,1,1
511,6191-6192,GH-GI,GH,GI,14,15,FIX,FIX,0,1
512,6191-6195,GH-GL,GH,GL,14,16,FIX,FIX,0,1
513,6195-6196,GL-GM,GL,GM,16,28,FIX,FIX,0,1
514,6173-6174,DEL.FZ-F0,FZ,F0,-1,-1,DEL,DEL,1,1
515,6165-6174,DEL.FR-F0,FR,F0,-1,92,DEL,DEL,1,1
516,6115-6165,EG-FR,EG,FR,92,95,FIX,FIX,1,1
517,6114-6115,EF-EG,EF,EG,74,95,FIX,FIX,1,1
518,6131-6174,DEL.EU-F0,EU,F0,-1,85,DEL,DEL,1,1
519,6072-6073,DA-DB,DA,DB,30,48,FIX,FIX,1,1
520,6073-6074,DB-DC,DB,DC,48,68,FIX,FIX,1,1
521,6027-6074,DC-B1,DC,B1,50,68,FIX,FIX,0,1
522,6018-6027,DEL.BS-B1,BS,B1,-1,50,DEL,DEL,1,1
523,6017-6018,DEL.BR-BS,BR,BS,-1,54,DEL,DEL,1,1
524,6072-6083,DEL.DA-DL,DA,DL,30,65,DEL,DEL,1,1
525,6016-6020,DEL.BQ-BU,BQ,BU,44,45,DEL,DEL,1,1
526,6019-6020,BT-BU,BT,BU,45,65,FIX,FIX,1,1
527,6019-6029,BT-B3,BT,B3,47,65,FIX,FIX,1,1
528,6028-6029,B2-B3,B2,B3,40,47,FIX,FIX,1,1
529,6027-6028,B1-B2,B1,B2,40,50,FIX,FIX,1,1
530,5965-7087,AG-SD,AG,SD,1,71,FIX,FIX,1,1
531,7087-7426,DEL.SD-T0,SD,T0,52,71,DEL,DEL,1,1
532,5966-7426,DEL.AH-T0,AH,T0,16,52,DEL,DEL,0,1
533,5991-5992,A3-A4,A3,A4,62,68,FIX,FIX,1,1
534,5992-5993,A4-A5,A4,A5,13,68,FIX,FIX,1,1
535,6075-6079,DEL.DD-DH,DD,DH,61,70,DEL,DEL,1,1
536,6075-6076,DD-DE,DD,DE,61,73,FIX,FIX,1,1
537,6076-6113,DEL.DE-EE,DE,EE,-1,73,DEL,DEL,1,1
538,6177-6185,F3-GB,F3,GB,32,47,FIX,FIX,1,1
539,6128-6139,DEL.ER-E2,ER,E2,71,72,DEL,DEL,0,1
540,6044-6045,CI-CJ,CI,CJ,15,86,FIX,FIX,1,1
541,6162-6180,DEL.FO-F6,FO,F6,20,59,DEL,DEL,1,1
542,6193-6198,GJ-GO,GJ,GO,23,75,FIX,FIX,1,1
543,6198-6200,GO-GQ,GO,GQ,23,36,FIX,FIX,0,1
544,6133-6133,NIV.544,#N/A,#N/A,-1,100,NIV,DEL,0,1
545,6132-6133,EV-EW,EV,EW,13,83,FIX,FIX,1,1
546,5969-5976,DEL.AO-AJ,AO,AJ,3,26,DEL,DEL,0,1
547,6090-6091,DS-DT,DS,DT,23,27,FIX,FIX,1,1
548,6047-6091,DEL.DT-CL,DT,CL,-1,27,DEL,DEL,1,1
549,6073-6082,DEL.DB-DK,DB,DK,26,48,DEL,DEL,1,1
550,-,NIV.550,#N/A,#N/A,-1,100,NIV,DEL,0,1
551,6334-6335,DEL.KE-KF,KE,KF,45,64,DEL,DEL,1,1
552,6335-6336,DEL.KF-KG,KF,KG,64,69,DEL,DEL,1,1
553,6337-6337,NIV.553,#N/A,#N/A,-1,100,NIV,DEL,0,1
554,6210-6337,G0-KH,G0,KH,30,49,FIX,FIX,1,1
555,6209-6210,DEL.GZ-G0,GZ,G0,30,44,DEL,DEL,1,1
556,6208-6209,DEL.GY-GZ,GY,GZ,40,44,DEL,DEL,0,1
557,6209-6335,GZ-KF,GZ,KF,44,64,FIX,FIX,1,1
558,-,NIV.558,#N/A,#N/A,-1,100,NIV,DEL,0,1
559,5963-5964,AE-AF,AE,AF,11,15,FIX,FIX,1,1
560,5962-5963,DEL.AD-AE,AD,AE,11,94,DEL,DEL,1,1
561,6006-6007,BG-BH,BG,BH,34,42,FIX,FIX,1,1
562,6007-6013,DEL.BH-BN,BH,BN,-1,34,DEL,DEL,1,1
563,6013-6109,DEL.EA-BN,EA,BN,-1,70,DEL,DEL,1,1
564,6109-6110,EA-EB,EA,EB,63,70,FIX,FIX,1,1
565,6108-6109,DEL.D9-EA,D9,EA,-1,70,DEL,DEL,1,1
566,6108-6108,NIV.566,#N/A,#N/A,-1,100,NIV,DEL,0,1
567,6007-6012,DEL.BH-BM,BH,BM,31,34,DEL,DEL,0,1
568,6061-6062,CZ-C0,CZ,C0,63,67,FIX,FIX,1,1
569,6056-6057,CU-CV,CU,CV,35,55,FIX,FIX,1,1
570,6074-6075,DEL.DC-DD,DC,DD,61,68,DEL,DEL,1,1
571,6085-6091,DN-DT,DN,DT,4,27,FIX,FIX,1,1
572,6141-6142,DEL.E4-E5,E4,E5,38,80,DEL,DEL,1,1
573,5961-6228,DEL.AC-HI,AC,HI,83,84,DEL,DEL,1,1
574,7087-7088,SD-SE,SD,SE,8,71,FIX,FIX,1,1
575,5982-5986,AU-AY,AU,AY,26,76,FIX,FIX,1,1
576,6333-6340,DEL.KD-KK,KD,KK,48,52,DEL,DEL,1,1
577,6078-6133,DEL.DG-EW,DG,EW,13,97,DEL,DEL,1,1
578,6066-6068,DEL.C4-C6,C4,C6,40,57,DEL,DEL,1,1
579,6024-6029,BY-B3,BY,B3,47,66,FIX,FIX,1,1
580,5978-5987,DEL.AQ-AZ,AQ,AZ,31,80,DEL,DEL,1,1
581,5973-5978,AM-AQ,AM,AQ,6,31,FIX,FIX,1,1
582,5973-5974,DEL.AM-AN,AM,AN,6,96,DEL,DEL,1,1
583,5974-5977,AN-AP,AN,AP,12,96,FIX,FIX,1,1
584,6135-6136,DEL.EY-EZ,EY,EZ,81,84,DEL,DEL,1,1
585,6172-6176,FY-F2,FY,F2,11,60,FIX,FIX,1,1
586,5972-5973,AL-AM,AL,AM,6,78,FIX,FIX,1,1
587,6194-6195,GK-GL,GK,GL,16,18,FIX,FIX,0,1
588,6076-6077,DE-DF,DE,DF,67,73,FIX,FIX,1,1
589,5978-5979,DEL.AQ-AR,AQ,AR,2,31,DEL,DEL,1,1
590,6175-6198,F1-GO,F1,GO,21,23,FIX,FIX,0,1
591,6188-6198,GE-GO,GE,GO,23,25,FIX,FIX,0,1
592,6042-6084,DEL.DM-CG,DM,CG,36,64,DEL,DEL,1,1
593,6157-6160,FJ-FM,FJ,FM,33,94,FIX,FIX,1,1
594,5992-6001,A4-BC,A4,BC,45,68,FIX,FIX,1,1
595,6020-6021,BU-BV,BU,BV,38,45,FIX,FIX,0,1
596,6005-6008,DEL.BF-BI,BF,BI,-1,76,DEL,DEL,1,1
597,6117-6118,EI-EJ,EI,EJ,8,72,FIX,FIX,1,1
598,6117-6123,EI-EN,EI,EN,8,81,FIX,FIX,1,1
599,6189-6190,GF-GG,GF,GG,5,80,FIX,FIX,1,1
600,6189-6999,GF-SC,GF,SC,4,80,FIX,FIX,1,1
601,6107-6999,DEL.D8-SC,D8,SC,4,43,DEL,DEL,0,1
602,-,NIV.602,#N/A,#N/A,-1,100,NIV,DEL,0,1
603,6123-6123,NIV.603,#N/A,#N/A,-1,100,NIV,DEL,0,1
604,6108-6108,NIV.604,#N/A,#N/A,-1,100,NIV,DEL,0,1
605,6117-6169,EI-FV,EI,FV,8,12,FIX,FIX,0,1
606,6163-6181,DEL.FP-F7,FP,F7,96,97,DEL,DEL,0,1
607,6100-6100,NIV.607,#N/A,#N/A,-1,100,NIV,DEL,0,1
608,6100-6101,D2-D3,D2,D3,71,85,FIX,FIX,1,1
609,6101-6101,NIV.609,#N/A,#N/A,-1,100,NIV,DEL,0,1
610,6101-6999,D3-SC,D3,SC,4,71,FIX,FIX,1,1
611,6999-6999,NIV.611,#N/A,#N/A,-1,100,NIV,DEL,0,1
612,6018-6019,DEL.BS-BT,BS,BT,-1,65,DEL,DEL,1,1
613,6014-6022,DEL.BO-BW,BO,BW,-1,64,DEL,DEL,1,1
614,6013-6014,DEL.BN-BO,BN,BO,-1,64,DEL,DEL,1,1
615,6014-6015,DEL.BO-BP,BO,BP,55,64,DEL,DEL,1,1
616,6336-6338,DEL.KG-KI,KG,KI,50,69,DEL,DEL,1,1
617,6338-6338,NIV.617,#N/A,#N/A,-1,100,NIV,DEL,0,1
618,6080-6087,DEL.DI-DP,DI,DP,49,99,DEL,DEL,1,1
619,6165-6166,FR-FS,FR,FS,90,92,FIX,FIX,0,1
620,6210-6211,G0-G1,G0,G1,30,39,FIX,FIX,1,1
621,6134-6134,NIV.621,#N/A,#N/A,-1,100,NIV,DEL,0,1
622,6099-6152,DEL.D1-FE,D1,FE,18,52,DEL,DEL,1,1
623,6140-6152,E3-FE,E3,FE,52,75,FIX,FIX,1,1
624,6151-6152,FD-FE,FD,FE,16,52,FIX,FIX,1,1
625,-,NIV.625,#N/A,#N/A,-1,100,NIV,DEL,0,1
626,5959-5967,AA-AI,AA,AI,17,46,FIX,FIX,1,1
627,6346-6346,NIV.627,#N/A,#N/A,-1,100,NIV,DEL,0,1
628,6346-6457,DEL.KP-NO,KP,NO,-1,-1,DEL,DEL,1,1
629,6457-6470,DEL.NO-N1,NO,N1,-1,85,DEL,DEL,1,1
630,6469-6470,DEL.N0-N1,N0,N1,65,85,DEL,DEL,1,1
631,6372-6469,LD-N0,LD,N0,35,65,FIX,FIX,0,1
632,6372-6377,LD-LI,LD,LI,29,35,FIX,FIX,0,1
633,6377-6496,DEL.LI-OR,LI,OR,28,29,DEL,DEL,0,1
634,6490-6496,OL-OR,OL,OR,28,62,FIX,FIX,1,1
635,6490-6491,OL-OM,OL,OM,62,83,FIX,FIX,1,1
636,6491-6492,OM-ON,OM,ON,50,83,FIX,FIX,1,1
637,6317-6492,JX-ON,JX,ON,50,60,FIX,FIX,1,1
638,6317-6318,JX-JY,JX,JY,53,60,FIX,FIX,1,1
639,6318-6320,DEL.JY-J0,JY,J0,53,55,DEL,DEL,0,1
640,6315-6320,DEL.JV-J0,JV,J0,55,56,DEL,DEL,0,1
641,6314-6315,JU-JV,JU,JV,21,56,FIX,FIX,0,1
642,6314-6322,JU-J2,JU,J2,21,45,FIX,FIX,1,1
643,6321-6322,DEL.J1-J2,J1,J2,19,45,DEL,DEL,1,1
644,6320-6321,J0-J1,J0,J1,19,55,FIX,FIX,0,1
645,6611-6611,NIV.645,#N/A,#N/A,-1,100,NIV,DEL,0,1
646,6611-6628,DEL.RR-R6,RR,R6,17,89,DEL,DEL,1,1
647,6626-6628,R4-R6,R4,R6,89,93,FIX,FIX,1,1
648,6625-6626,R3-R4,R3,R4,32,93,FIX,FIX,1,1
649,6533-6625,PQ-R3,PQ,R3,32,56,FIX,FIX,0,1
650,6532-6533,PP-PQ,PP,PQ,55,56,FIX,FIX,0,1
651,6531-6532,DEL.PO-PP,PO,PP,42,55,DEL,DEL,0,1
652,6530-6531,DEL.PN-PO,PN,PO,42,58,DEL,DEL,1,1
653,6449-6530,NG-PN,NG,PN,54,58,FIX,FIX,1,1
654,6449-6544,DEL.NG-P1,NG,P1,45,54,DEL,DEL,0,1
655,6544-6545,DEL.P1-P2,P1,P2,44,45,DEL,DEL,0,1
656,6531-6545,PO-P2,PO,P2,42,44,FIX,FIX,0,1
657,6527-6531,DEL.PK-PO,PK,PO,41,42,DEL,DEL,0,1
658,6430-6527,MX-PK,MX,PK,41,49,FIX,FIX,0,1
659,6429-6430,MW-MX,MW,MX,49,76,FIX,FIX,1,1
660,6429-6528,MW-PL,MW,PL,1,76,FIX,FIX,1,1
661,6528-6530,PL-PN,PL,PN,1,58,FIX,FIX,1,1
662,6226-6226,NIV.662,#N/A,#N/A,-1,100,NIV,DEL,0,1
663,6217-6226,DEL.G7-HG,G7,HG,80,81,DEL,DEL,0,1
664,6204-6217,DEL.GU-G7,GU,G7,81,82,DEL,DEL,0,1
665,6204-6212,GU-G2,GU,G2,67,82,FIX,FIX,0,1
666,6212-6213,G2-G3,G2,G3,7,67,FIX,FIX,0,1
667,6213-6220,DEL.G3-HA,G3,HA,7,89,DEL,DEL,1,1
668,6220-6268,HA-IK,HA,IK,35,89,FIX,FIX,1,1
669,6267-6268,DEL.IJ-IK,IJ,IK,35,93,DEL,DEL,1,1
670,6251-6267,H4-IJ,H4,IJ,33,93,FIX,FIX,1,1
671,6251-6252,H4-H5,H4,H5,32,33,FIX,FIX,0,1
672,6252-6253,H5-H6,H5,H6,31,32,FIX,FIX,0,1
673,6253-6266,H6-II,H6,II,31,46,FIX,FIX,0,1
674,6265-6266,IH-II,IH,II,23,46,FIX,FIX,0,1
675,6265-6310,IH-JQ,IH,JQ,23,24,FIX,FIX,0,1
676,6309-6310,DEL.JP-JQ,JP,JQ,24,30,DEL,DEL,1,1
677,6255-6309,DEL.H8-JP,H8,JP,30,44,DEL,DEL,1,1
678,6254-6255,H7-H8,H7,H8,44,94,FIX,FIX,1,1
679,6253-6254,H6-H7,H6,H7,31,94,FIX,FIX,1,1
680,-,NIV.680,#N/A,#N/A,-1,100,NIV,DEL,0,1
681,6245-6245,NIV.681,#N/A,#N/A,-1,100,NIV,DEL,0,1
682,6245-6250,HY-H3,HY,H3,15,17,FIX,FIX,0,1
683,6249-6250,H2-H3,H2,H3,17,18,FIX,FIX,0,1
684,6221-6249,DEL.HB-H2,HB,H2,18,90,DEL,DEL,1,1
685,6220-6221,HA-HB,HA,HB,89,90,FIX,FIX,1,1
686,6219-6220,DEL.G9-HA,G9,HA,89,95,DEL,DEL,1,1
687,6219-6278,G9-IU,G9,IU,37,95,FIX,FIX,1,1
688,6278-6279,IU-IV,IU,IV,37,77,FIX,FIX,1,1
689,6274-6279,IQ-IV,IQ,IV,6,77,FIX,FIX,1,1
690,6273-6274,IP-IQ,IP,IQ,6,69,FIX,FIX,0,1
691,6273-6282,IP-IY,IP,IY,57,69,FIX,FIX,0,1
692,6281-6282,IX-IY,IX,IY,28,57,FIX,FIX,0,1
693,6281-6292,IX-I8,IX,I8,12,28,FIX,FIX,0,1
694,6011-6292,DEL.I8-BL,I8,BL,12,29,DEL,DEL,0,1
695,6011-6462,DEL.BL-NT,BL,NT,29,98,DEL,DEL,1,1
696,6284-6462,I0-NT,I0,NT,58,98,FIX,FIX,1,1
697,6284-6285,I0-I1,I0,I1,18,58,FIX,FIX,0,1
698,6285-6324,I1-J4,I1,J4,9,18,FIX,FIX,1,1
699,6324-6331,J4-KB,J4,KB,9,61,FIX,FIX,1,1
700,6330-6331,KA-KB,KA,KB,61,68,FIX,FIX,1,1
701,6329-6330,J9-KA,J9,KA,10,68,FIX,FIX,1,1
702,6328-6329,J8-J9,J8,J9,10,13,FIX,FIX,1,1
703,6317-6328,JX-J8,JX,J8,13,60,FIX,FIX,1,1
704,-,NIV.704,#N/A,#N/A,-1,100,NIV,DEL,0,1
705,6272-6273,IO-IP,IO,IP,1,69,FIX,FIX,0,1
706,6261-6272,ID-IO,ID,IO,1,75,FIX,FIX,0,1
707,6260-6261,IC-ID,IC,ID,74,75,FIX,FIX,0,1
708,6260-6262,IC-IE,IC,IE,49,74,FIX,FIX,0,1
709,6262-6263,IE-IF,IE,IF,48,49,FIX,FIX,0,1
710,6263-6270,DEL.IF-IM,IF,IM,3,48,DEL,DEL,0,1
711,6270-6271,IM-IN,IM,IN,3,4,FIX,FIX,0,1
712,6259-6271,IB-IN,IB,IN,4,88,FIX,FIX,1,1
713,6259-6260,DEL.IB-IC,IB,IC,74,88,DEL,DEL,1,1
714,6279-6280,IV-IW,IV,IW,7,77,FIX,FIX,1,1
715,6280-6281,IW-IX,IW,IX,7,28,FIX,FIX,0,1
716,6285-6286,I1-I2,I1,I2,18,59,FIX,FIX,0,1
717,6272-6286,IO-I2,IO,I2,1,59,FIX,FIX,0,1
718,6627-6628,DEL.R5-R6,R5,R6,-1,89,DEL,DEL,1,1
719,6612-6627,DEL.RS-R5,RS,R5,-1,38,DEL,DEL,1,1
720,6612-6613,RS-RT,RS,RT,38,40,FIX,FIX,0,1
721,6613-6614,DEL.RT-RU,RT,RU,40,47,DEL,DEL,0,1
722,6614-6615,RU-RV,RU,RV,47,48,FIX,FIX,0,1
723,6615-6615,NIV.723,#N/A,#N/A,-1,100,NIV,DEL,0,1
724,6107-6107,NIV.724,#N/A,#N/A,-1,100,NIV,DEL,0,1
725,6106-6107,D7-D8,D7,D8,36,43,FIX,FIX,0,1
726,6105-6106,D6-D7,D6,D7,35,36,FIX,FIX,0,1
727,6104-6105,D5-D6,D5,D6,35,97,FIX,FIX,1,1
728,6103-6104,D4-D5,D4,D5,32,97,FIX,FIX,1,1
729,6012-6103,DEL.D4-BM,D4,BM,31,32,DEL,DEL,0,1
730,6012-6012,NIV.730,#N/A,#N/A,-1,100,NIV,DEL,0,1
731,6246-6247,NIV.731,#N/A,#N/A,-1,100,NIV,DEL,0,1
732,6246-6246,NIV.732,#N/A,#N/A,-1,100,NIV,DEL,0,1
733,6467-6467,NIV.733,#N/A,#N/A,-1,100,NIV,DEL,0,1
734,6350-6467,DEL.KS-NY,KS,NY,-1,33,DEL,DEL,1,1
735,6344-6350,DEL.KO-KS,KO,KS,-1,33,DEL,DEL,1,1
736,6343-6344,DEL.KN-KO,KN,KO,-1,30,DEL,DEL,1,1
737,6342-6347,DEL.KM-KQ,KM,KQ,61,67,DEL,DEL,1,1
738,6250-6251,H3-H4,H3,H4,17,33,FIX,FIX,0,1
739,6269-6270,IL-IM,IL,IM,3,38,FIX,FIX,0,1
740,6268-6269,IK-IL,IK,IL,35,38,FIX,FIX,0,1
741,6011-6011,NIV.741,#N/A,#N/A,-1,100,NIV,DEL,0,1
742,6327-6470,J7-N1,J7,N1,47,85,FIX,FIX,1,1
743,6327-6328,J7-J8,J7,J8,13,47,FIX,FIX,1,1
744,6326-6327,J6-J7,J6,J7,47,99,FIX,FIX,1,1
745,6326-6459,DEL.J6-NQ,J6,NQ,39,99,DEL,DEL,1,1
746,6458-6459,DEL.NP-NQ,NP,NQ,39,86,DEL,DEL,1,1
747,6457-6458,DEL.NO-NP,NO,NP,-1,86,DEL,DEL,1,1
748,6325-6326,J5-J6,J5,J6,15,99,FIX,FIX,1,1
749,6325-6329,J5-J9,J5,J9,10,15,FIX,FIX,0,1
750,6459-6460,NQ-NR,NQ,NR,39,40,FIX,FIX,0,1
751,6104-6460,DEL.D5-NR,D5,NR,40,97,DEL,DEL,1,1
752,6261-6274,ID-IQ,ID,IQ,6,75,FIX,FIX,0,1
753,-,NIV.753,#N/A,#N/A,-1,100,NIV,DEL,0,1
754,6315-6316,JV-JW,JV,JW,56,63,FIX,FIX,0,1
755,6575-6576,QU-QV,QU,QV,8,75,FIX,FIX,0,1
756,6576-6577,QV-QW,QV,QW,20,75,FIX,FIX,0,1
757,6319-6577,JZ-QW,JZ,QW,20,54,FIX,FIX,0,1
758,6318-6319,JY-JZ,JY,JZ,53,54,FIX,FIX,0,1
759,6255-6256,DEL.H8-H9,H8,H9,43,44,DEL,DEL,0,1
760,6240-6256,DEL.HT-H9,HT,H9,43,97,DEL,DEL,1,1
761,6240-6241,HT-HU,HT,HU,27,97,FIX,FIX,1,1
762,6237-6241,HQ-HU,HQ,HU,13,27,FIX,FIX,0,1
763,6236-6237,HP-HQ,HP,HQ,12,13,FIX,FIX,0,1
764,6236-6243,DEL.HP-HW,HP,HW,12,25,DEL,DEL,0,1
765,6243-6244,HW-HX,HW,HX,22,25,FIX,FIX,1,1
766, ,HX-T9,HX,T9,22,36,NEW,FIX,1,1
767,-,NIV.767,#N/A,#N/A,-1,100,NIV,DEL,0,1
768,6242-6243,HV-HW,HV,HW,25,26,FIX,FIX,0,1
769,6241-6242,HU-HV,HU,HV,26,27,FIX,FIX,0,1
770,6262-6313,IE-JT,IE,JT,49,96,FIX,FIX,1,1
771,6312-6313,DEL.JS-JT,JS,JT,51,96,DEL,DEL,1,1
772,6311-6312,DEL.JR-JS,JR,JS,34,51,DEL,DEL,1,1
773,6308-6311,DEL.JO-JR,JO,JR,34,58,DEL,DEL,1,1
774,6308-6313,DEL.JO-JT,JO,JT,58,96,DEL,DEL,1,1
775,6300-6308,DEL.JG-JO,JG,JO,58,59,DEL,DEL,0,1
776,6299-6300,JF-JG,JF,JG,55,59,FIX,FIX,0,1
777,6298-6299,JE-JF,JE,JF,55,76,FIX,FIX,0,1
778,6297-6298,JD-JE,JD,JE,75,76,FIX,FIX,0,1
779,6296-6297,JC-JD,JC,JD,53,75,FIX,FIX,0,1
780,6295-6296,JB-JC,JB,JC,42,53,FIX,FIX,0,1
781,6294-6295,DEL.JA-JB,JA,JB,41,42,DEL,DEL,0,1
782,6242-6294,HV-JA,HV,JA,26,41,FIX,FIX,0,1
783,6306-6307,JM-JN,JM,JN,5,28,FIX,FIX,1,1
784,-,NIV.784,#N/A,#N/A,-1,100,NIV,DEL,0,1
785,6626-6627,DEL.R4-R5,R4,R5,-1,93,DEL,DEL,1,1
786,6575-6583,QU-Q2,QU,Q2,8,52,FIX,FIX,0,1
787,6582-6583,Q1-Q2,Q1,Q2,52,81,FIX,FIX,0,1
788,6582-6591,Q1-Q9,Q1,Q9,81,82,FIX,FIX,0,1
789,6590-6591,DEL.Q8-Q9,Q8,Q9,82,90,DEL,DEL,0,1
790,6588-6590,DEL.Q6-Q8,Q6,Q8,-1,90,DEL,DEL,1,1
791,6587-6588,DEL.Q5-Q6,Q5,Q6,-1,88,DEL,DEL,1,1
792,6584-6587,Q3-Q5,Q3,Q5,11,88,FIX,FIX,0,1
793,6584-6606,DEL.Q3-RM,Q3,RM,11,98,DEL,DEL,0,1
794,6605-6606,RL-RM,RL,RM,98,99,FIX,FIX,0,1
795,6605-6608,DEL.RL-RO,RL,RO,4,99,DEL,DEL,0,1
796,6607-6608,DEL.RN-RO,RN,RO,4,97,DEL,DEL,0,1
797,6595-6607,RD-RN,RD,RN,96,97,FIX,FIX,0,1
798,6594-6595,RC-RD,RC,RD,95,96,FIX,FIX,0,1
799,6593-6594,DEL.RB-RC,RB,RC,-1,95,DEL,DEL,1,1
800,6588-6593,DEL.Q6-RB,Q6,RB,-1,-1,DEL,DEL,1,1
801,6605-6996,RL-SA,RL,SA,57,99,FIX,FIX,1,1
802,6598-6996,DEL.RF-SA,RF,SA,2,57,DEL,DEL,1,1
803,6598-6599,RF-RG,RF,RG,2,7,FIX,FIX,0,1
804, ,RG-YF,RG,YF,7,62,NEW,FIX,1,1
805,6600-6602,DEL.RH-RJ,RH,RJ,-1,10,DEL,DEL,1,1
806,6601-6602,DEL.RI-RJ,RI,RJ,10,92,DEL,DEL,1,1
807,6600-6601,DEL.RH-RI,RH,RI,-1,92,DEL,DEL,1,1
808,6568-6583,QN-Q2,QN,Q2,52,74,FIX,FIX,0,1
809,6568-6569,QN-QO,QN,QO,74,80,FIX,FIX,0,1
810,6569-6570,DEL.QO-QP,QO,QP,71,80,DEL,DEL,0,1
811,6570-6571,QP-QQ,QP,QQ,70,71,FIX,FIX,0,1
812,6571-6572,DEL.QQ-QR,QQ,QR,68,70,DEL,DEL,0,1
813,6572-6573,QR-QS,QR,QS,67,68,FIX,FIX,0,1
814,6573-6574,QS-QT,QS,QT,66,67,FIX,FIX,0,1
815,6555-6574,DEL.QA-QT,QA,QT,66,79,DEL,DEL,0,1
816,6554-6555,P9-QA,P9,QA,78,79,FIX,FIX,0,1
817,6553-6554,P8-P9,P8,P9,65,78,FIX,FIX,0,1
818,6548-6553,P3-P8,P3,P8,1,65,FIX,FIX,0,1
819,6305-6548,DEL.JL-P3,JL,P3,1,54,DEL,DEL,0,1
820,6304-6305,DEL.JK-JL,JK,JL,54,77,DEL,DEL,0,1
821,6297-6304,DEL.JD-JK,JD,JK,75,77,DEL,DEL,0,1
822,6586-6587,Q4-Q5,Q4,Q5,87,88,FIX,FIX,0,1
823,6557-6586,DEL.QC-Q4,QC,Q4,39,87,DEL,DEL,1,1
824,6557-6558,QC-QD,QC,QD,39,85,FIX,FIX,1,1
825,6558-6560,DEL.QD-QF,QD,QF,76,85,DEL,DEL,0,1
826,6560-6561,QF-QG,QF,QG,76,77,FIX,FIX,0,1
827,6556-6561,QB-QG,QB,QG,77,83,FIX,FIX,0,1
828,6556-6557,QB-QC,QB,QC,39,83,FIX,FIX,1,1
829,6549-6549,NIV.829,#N/A,#N/A,-1,100,NIV,DEL,0,1
830,6549-6549,NIV.830,#N/A,#N/A,-1,100,NIV,DEL,0,1
831,6554-6554,NIV.831,#N/A,#N/A,-1,100,NIV,DEL,0,1
832,6569-6590,QO-Q8,QO,Q8,80,90,FIX,FIX,0,1
833,6548-6560,DEL.P3-QF,P3,QF,1,76,DEL,DEL,0,1
834,6597-6598,RE-RF,RE,RF,2,16,FIX,FIX,1,1
835,6597-6622,RE-R1,RE,R1,13,16,FIX,FIX,1,1
836,6610-6622,DEL.RQ-R1,RQ,R1,12,13,DEL,DEL,0,1
837,6611-6630,DEL.RR-R8,RR,R8,17,35,DEL,DEL,1,1
838,6580-6630,QZ-R8,QZ,R8,24,35,FIX,FIX,0,1
839,6579-6580,QY-QZ,QY,QZ,24,64,FIX,FIX,0,1
840,6578-6579,QX-QY,QX,QY,23,64,FIX,FIX,0,1
841,6495-6578,OQ-QX,OQ,QX,22,23,FIX,FIX,0,1
842,6495-6577,DEL.OQ-QW,OQ,QW,20,22,DEL,DEL,0,1
843,6626-6630,DEL.R4-R8,R4,R8,35,93,DEL,DEL,1,1
844,6579-6624,QY-R2,QY,R2,26,64,FIX,FIX,0,1
845,6578-6624,DEL.QX-R2,QX,R2,23,26,DEL,DEL,0,1
846,6597-6609,RE-RP,RE,RP,3,16,FIX,FIX,1,1
847,6594-6609,DEL.RC-RP,RC,RP,3,95,DEL,DEL,0,1
848,6629-6629,NIV.848,#N/A,#N/A,-1,100,NIV,DEL,0,1
849,6624-6629,DEL.R2-R7,R2,R7,-1,26,DEL,DEL,1,1
850,6624-6625,R2-R3,R2,R3,26,32,FIX,FIX,0,1
851,6321-6321,NIV.851,#N/A,#N/A,-1,100,NIV,DEL,0,1
852,-,NIV.852,#N/A,#N/A,-1,100,NIV,DEL,0,1
853,6286-6323,I2-J3,I2,J3,59,92,FIX,FIX,1,1
854,6323-6331,J3-KB,J3,KB,61,92,FIX,FIX,1,1
855,6580-6581,QZ-Q0,QZ,Q0,24,25,FIX,FIX,0,1
856,6581-6582,Q0-Q1,Q0,Q1,25,81,FIX,FIX,0,1
857,6576-6581,QV-Q0,QV,Q0,25,75,FIX,FIX,0,1
858,-,NIV.858,#N/A,#N/A,-1,100,NIV,DEL,0,1
859,-,NIV.859,#N/A,#N/A,-1,100,NIV,DEL,0,1
860,6283-6284,IZ-I0,IZ,I0,14,58,FIX,FIX,0,1
861,6283-6292,IZ-I8,IZ,I8,12,14,FIX,FIX,0,1
862,6287-6292,I3-I8,I3,I8,12,78,FIX,FIX,1,1
863,6287-6288,I3-I4,I3,I4,25,78,FIX,FIX,1,1
864,6232-6288,DEL.HM-I4,HM,I4,25,54,DEL,DEL,0,1
865,6231-6232,HL-HM,HL,HM,21,54,FIX,FIX,0,1
866,6231-6291,HL-I7,HL,I7,21,22,FIX,FIX,0,1
867,6008-6291,I7-BI,I7,BI,22,76,FIX,FIX,1,1
868,6008-6009,BI-BJ,BI,BJ,24,76,FIX,FIX,1,1
869,6009-6010,DEL.BJ-BK,BJ,BK,24,26,DEL,DEL,0,1
870,6010-6289,I5-BK,I5,BK,26,53,FIX,FIX,0,1
871,6289-6290,I5-I6,I5,I6,52,53,FIX,FIX,0,1
872,6009-6290,I6-BJ,I6,BJ,24,52,FIX,FIX,0,1
873,6532-6613,PP-RT,PP,RT,40,55,FIX,FIX,0,1
874,6461-6461,NIV.874,#N/A,#N/A,-1,100,NIV,DEL,0,1
875,6460-6461,NR-NS,NR,NS,40,41,FIX,FIX,0,1
876,6256-6295,DEL.H9-JB,H9,JB,42,43,DEL,DEL,0,1
877,6606-6607,DEL.RM-RN,RM,RN,97,98,DEL,DEL,0,1
878,6584-6586,DEL.Q3-Q4,Q3,Q4,11,87,DEL,DEL,0,1
879,6584-6595,Q3-RD,Q3,RD,11,96,FIX,FIX,0,1
880,6316-6319,JW-JZ,JW,JZ,54,63,FIX,FIX,0,1
881,6469-6491,DEL.N0-OM,N0,OM,65,83,DEL,DEL,1,1
882,6469-6997,N0-SB,N0,SB,34,65,FIX,FIX,0,1
883,6350-6997,KS-SB,KS,SB,33,34,FIX,FIX,0,1
884,6344-6913,DEL.KO-R9,KO,R9,-1,-1,DEL,DEL,1,1
885,6913-6913,NIV.885,#N/A,#N/A,-1,100,NIV,DEL,0,1
886,6467-6913,DEL.NY-R9,NY,R9,-1,-1,DEL,DEL,1,1
887,6615-6621,DEL.RV-R0,RV,R0,48,49,DEL,DEL,0,1
888,6621-6622,DEL.R0-R1,R0,R1,13,49,DEL,DEL,0,1
889,6293-6294,DEL.I9-JA,I9,JA,40,41,DEL,DEL,0,1
890,6244-6293,DEL.HX-I9,HX,I9,22,40,DEL,DEL,1,1
891,6239-6254,DEL.HS-H7,HS,H7,29,94,DEL,DEL,1,1
892,6239-6240,HS-HT,HS,HT,29,97,FIX,FIX,1,1
893,6239-6257,HS-IA,HS,IA,16,29,FIX,FIX,0,1
894,6245-6257,HY-IA,HY,IA,15,16,FIX,FIX,0,1
895,6252-6257,H5-IA,H5,IA,16,32,FIX,FIX,0,1
896,6526-6533,DEL.PJ-PQ,PJ,PQ,-1,56,DEL,DEL,1,1
897,6526-6527,DEL.PJ-PK,PJ,PK,-1,41,DEL,DEL,1,1
898,6567-6570,QM-QP,QM,QP,71,73,FIX,FIX,0,1
899,6566-6567,QL-QM,QL,QM,73,91,FIX,FIX,0,1
900,6565-6566,QK-QL,QK,QL,4,91,FIX,FIX,0,1
901,6564-6565,QJ-QK,QJ,QK,4,69,FIX,FIX,0,1
902,6564-6571,QJ-QQ,QJ,QQ,69,70,FIX,FIX,0,1
903,6563-6564,DEL.QI-QJ,QI,QJ,-1,69,DEL,DEL,1,1
904,6562-6563,DEL.QH-QI,QH,QI,-1,72,DEL,DEL,1,1
905,6302-6562,JI-QH,JI,QH,61,72,FIX,FIX,0,1
906,6301-6302,JH-JI,JH,JI,60,61,FIX,FIX,0,1
907,6301-6565,JH-QK,JH,QK,4,60,FIX,FIX,0,1
908,6614-6617,RU-RW,RU,RW,46,47,FIX,FIX,0,1
909,6617-6618,DEL.RW-RX,RW,RX,46,51,DEL,DEL,0,1
910,6544-6618,P1-RX,P1,RX,45,51,FIX,FIX,0,1
911,6306-6566,DEL.JM-QL,JM,QL,5,91,DEL,DEL,0,1
912,6307-6314,JN-JU,JN,JU,21,28,FIX,FIX,1,1
913,6218-6219,DEL.G8-G9,G8,G9,10,95,DEL,DEL,1,1
914,6215-6218,G5-G8,G5,G8,10,70,FIX,FIX,1,1
915,6214-6215,G4-G5,G4,G5,8,70,FIX,FIX,1,1
916,6212-6214,G2-G4,G2,G4,8,67,FIX,FIX,0,1
917,6218-6233,DEL.G8-HN,G8,HN,1,10,DEL,DEL,0,1
918,6223-6233,HD-HN,HD,HN,1,11,FIX,FIX,0,1
919,6223-6224,HD-HE,HD,HE,2,11,FIX,FIX,1,1
920,6224-6225,DEL.HE-HF,HE,HF,-1,2,DEL,DEL,1,1
921,6225-6227,DEL.HF-HH,HF,HH,-1,-1,DEL,DEL,1,1
922,5966-6227,DEL.HH-AH,HH,AH,-1,16,DEL,DEL,1,1
923,5966-5967,AH-AI,AH,AI,16,17,FIX,FIX,0,1
924,5967-6228,HI-AI,HI,AI,17,84,FIX,FIX,1,1
925,6228-6230,HI-HK,HI,HK,50,84,FIX,FIX,1,1
926,6230-6231,HK-HL,HK,HL,21,50,FIX,FIX,0,1
927,6228-6229,HI-HJ,HI,HJ,19,84,FIX,FIX,1,1
928,6227-6229,DEL.HH-HJ,HH,HJ,-1,19,DEL,DEL,1,1
929,6223-6230,HD-HK,HD,HK,11,50,FIX,FIX,0,1
930,6224-6229,HE-HJ,HE,HJ,2,19,FIX,FIX,1,1
931,6216-6224,G6-HE,G6,HE,2,12,FIX,FIX,1,1
932,6215-6216,G5-G6,G5,G6,12,70,FIX,FIX,1,1
933,6213-6214,G3-G4,G3,G4,7,8,FIX,FIX,0,1
934,6153-6213,DEL.FF-G3,FF,G3,6,7,DEL,DEL,0,1
935,6124-6153,EO-FF,EO,FF,6,86,FIX,FIX,1,1
936, ,EM-EO,EM,EO,68,86,NEW,FIX,1,1
937,6153-6154,DEL.FF-FG,FF,FG,6,66,DEL,DEL,0,1
938,6154-6204,DEL.FG-GU,FG,GU,66,82,DEL,DEL,0,1
939,6125-6154,DEL.EP-FG,EP,FG,65,66,DEL,DEL,0,1
940,6119-6125,DEL.EK-EP,EK,EP,1,65,DEL,DEL,0,1
941,6119-6234,EK-HO,EK,HO,1,10,FIX,FIX,0,1
942,6234-6234,NIV.942,#N/A,#N/A,-1,100,NIV,DEL,0,1
943,6234-6236,HO-HP,HO,HP,10,12,FIX,FIX,0,1
944,6601-6620,RI-RZ,RI,RZ,50,92,FIX,FIX,1,1
945,6620-6620,NIV.945,#N/A,#N/A,-1,100,NIV,DEL,0,1
946,6618-6618,NIV.946,#N/A,#N/A,-1,100,NIV,DEL,0,1
947,6618-6619,RX-RY,RX,RY,51,52,FIX,FIX,0,1
948,6601-6619,DEL.RI-RY,RI,RY,52,92,DEL,DEL,1,1
949,-,NIV.949,#N/A,#N/A,-1,100,NIV,DEL,0,1
950,-,NIV.950,#N/A,#N/A,-1,100,NIV,DEL,0,1
951,6619-6619,NIV.951,#N/A,#N/A,-1,100,NIV,DEL,0,1
952,6621-6621,NIV.952,#N/A,#N/A,-1,100,NIV,DEL,0,1
953,6300-6301,JG-JH,JG,JH,59,60,FIX,FIX,0,1
954,6556-6561,DEL.QB-QG,QB,QG,77,83,DEL,DEL,0,1
955,6629-6629,NIV.955,#N/A,#N/A,-1,100,NIV,DEL,0,1
956,6264-6265,DEL.IG-IH,IG,IH,23,47,DEL,DEL,0,1
957,6264-6312,DEL.IG-JS,IG,JS,47,51,DEL,DEL,0,1
958,6238-6246,HR-HZ,HR,HZ,14,72,FIX,FIX,0,1
959,6156-6238,FI-HR,FI,HR,4,14,FIX,FIX,0,1
960, ,FI-UC,FI,UC,4,75,NEW,FIX,1,1
961,6121-6248,DEL.EM-H1,EM,H1,19,68,DEL,DEL,0,1
962,6222-6248,HC-H1,HC,H1,19,20,FIX,FIX,0,1
963,6221-6222,HB-HC,HB,HC,20,90,FIX,FIX,1,1
964,6155-6156,FH-FI,FH,FI,4,83,FIX,FIX,1,1
965,6120-6155,DEL.EL-FH,EL,FH,-1,83,DEL,DEL,1,1
966,6120-6121,DEL.EL-EM,EL,EM,-1,68,DEL,DEL,1,1
967,6238-6239,HR-HS,HR,HS,14,29,FIX,FIX,0,1
968,6461-6462,NS-NT,NS,NT,41,98,FIX,FIX,1,1
969,6310-6311,JQ-JR,JQ,JR,24,34,FIX,FIX,1,1
970,6263-6264,DEL.IF-IG,IF,IG,47,48,DEL,DEL,0,1
971,6545-6617,P2-RW,P2,RW,44,46,FIX,FIX,0,1
972,6492-6492,NIV.972,#N/A,#N/A,-1,100,NIV,DEL,0,1
973,6280-6287,DEL.IW-I3,IW,I3,7,78,DEL,DEL,1,1
974,6299-6309,JF-JP,JF,JP,30,55,FIX,FIX,1,1
975,6119-6120,DEL.EK-EL,EK,EL,-1,1,DEL,DEL,1,1
976,6216-6217,G6-G7,G6,G7,12,81,FIX,FIX,0,1
977,6608-6609,DEL.RO-RP,RO,RP,3,4,DEL,DEL,0,1
978,6282-6283,IY-IZ,IY,IZ,14,57,FIX,FIX,0,1
979,6277-6278,DEL.IT-IU,IT,IU,36,37,DEL,DEL,0,1
980,6276-6277,IS-IT,IS,IT,36,39,FIX,FIX,0,1
981,6275-6276,IR-IS,IR,IS,5,39,FIX,FIX,0,1
982,6271-6275,IN-IR,IN,IR,4,5,FIX,FIX,0,1
983,6277-6277,NIV.983,#N/A,#N/A,-1,100,NIV,DEL,0,1
984,6602-6603,DEL.RJ-RK,RJ,RK,6,10,DEL,DEL,0,1
985,6603-6996,RK-SA,RK,SA,6,57,FIX,FIX,1,1
986,6599-6603,DEL.RG-RK,RG,RK,6,7,DEL,DEL,0,1
987,6549-6550,DEL.P4-P5,P4,P5,9,64,DEL,DEL,1,1
988,6550-6551,P5-P6,P5,P6,64,84,FIX,FIX,1,1
989,6551-6562,DEL.P6-QH,P6,QH,72,84,DEL,DEL,1,1
990,6010-6011,DEL.BK-BL,BK,BL,26,29,DEL,DEL,0,1
991,6376-6377,LH-LI,LH,LI,29,36,FIX,FIX,0,1
992,6376-6493,LH-OO,LH,OO,36,84,FIX,FIX,1,1
993,6493-6526,DEL.OO-PJ,OO,PJ,-1,84,DEL,DEL,1,1
994,6155-6234,FH-HO,FH,HO,10,83,FIX,FIX,1,1
995,6551-6552,P6-P7,P6,P7,2,84,FIX,FIX,1,1
996,6552-6574,P7-QT,P7,QT,2,66,FIX,FIX,0,1
997,6293-6305,DEL.I9-JL,I9,JL,40,54,DEL,DEL,0,1
998,6324-6325,J4-J5,J4,J5,9,15,FIX,FIX,1,1
999,6490-6495,OL-OQ,OL,OQ,22,62,FIX,FIX,1,1
1000,6494-6495,OP-OQ,OP,OQ,22,27,FIX,FIX,0,1
1001,6494-6496,OP-OR,OP,OR,27,28,FIX,FIX,0,1
1002,6592-6593,DEL.RA-RB,RA,RB,-1,94,DEL,DEL,1,1
1003,6591-6592,Q9-RA,Q9,RA,82,94,FIX,FIX,0,1
1004,6592-6610,DEL.RA-RQ,RA,RQ,12,94,DEL,DEL,0,1
1005,6567-6568,QM-QN,QM,QN,73,74,FIX,FIX,0,1
1006,6237-6238,HQ-HR,HQ,HR,13,14,FIX,FIX,0,1
1007,6302-6303,JI-JJ,JI,JJ,61,62,FIX,FIX,0,1
1008,6303-6550,JJ-P5,JJ,P5,62,64,FIX,FIX,1,1
1009,6303-6304,JJ-JK,JJ,JK,62,77,FIX,FIX,0,1
1010,6232-6233,HM-HN,HM,HN,1,54,FIX,FIX,0,1
1011,6555-6559,DEL.QA-QE,QA,QE,79,86,DEL,DEL,0,1
1012,6558-6559,QD-QE,QD,QE,85,86,FIX,FIX,0,1
1013,6225-6226,DEL.HF-HG,HF,HG,-1,80,DEL,DEL,1,1
1014,6226-6226,NIV.1014,#N/A,#N/A,-1,100,NIV,DEL,0,1
1015,6153-6222,FF-HC,FF,HC,6,20,FIX,FIX,0,1
1016,6266-6267,DEL.II-IJ,II,IJ,46,93,DEL,DEL,1,1
1017,6288-6289,I4-I5,I4,I5,25,53,FIX,FIX,0,1
1018,6269-6276,IL-IS,IL,IS,38,39,FIX,FIX,0,1
1019,6105-6458,D6-NP,D6,NP,35,86,FIX,FIX,1,1
1020,6322-6323,DEL.J2-J3,J2,J3,45,92,DEL,DEL,1,1
1021,6563-6572,DEL.QI-QR,QI,QR,-1,68,DEL,DEL,1,1
1022,6589-6589,NIV.1022,#N/A,#N/A,-1,100,NIV,DEL,0,1
1023,6559-6589,DEL.QE-Q7,QE,Q7,-1,86,DEL,DEL,1,1
1024,6573-6589,DEL.QS-Q7,QS,Q7,-1,67,DEL,DEL,1,1
1025,-,NIV.1025,#N/A,#N/A,-1,100,NIV,DEL,0,1
1026,6197-6343,DEL.GN-KN,GN,KN,29,30,DEL,DEL,0,1
1027,6189-6197,DEL.GF-GN,GF,GN,29,80,DEL,DEL,1,1
1028,6196-6197,DEL.GM-GN,GM,GN,28,29,DEL,DEL,0,1
1029,6552-6553,P7-P8,P7,P8,2,65,FIX,FIX,0,1
1030,6247-6248,NIV.1030,#N/A,#N/A,-1,100,NIV,DEL,0,1
1031,6493-6494,DEL.OO-OP,OO,OP,27,84,DEL,DEL,1,1
1032,6124-6125,DEL.EO-EP,EO,EP,65,86,DEL,DEL,1,1
1033,6346-6346,NIV.1033,#N/A,#N/A,-1,100,NIV,DEL,0,1
1034,6259-6275,DEL.IB-IR,IB,IR,5,88,DEL,DEL,1,1
1035,6612-6612,NIV.1035,#N/A,#N/A,-1,100,NIV,DEL,0,1
1036,6290-6291,I6-I7,I6,I7,22,52,FIX,FIX,0,1
1037,6296-6298,DEL.JC-JE,JC,JE,53,76,DEL,DEL,0,1
1038,6143-6143,NIV.1038,#N/A,#N/A,-1,100,NIV,DEL,0,1
1039,6143-6159,E6-FL,E6,FL,17,86,FIX,FIX,1,1
1040,6159-7168,FL-SV,FL,SV,79,86,FIX,FIX,0,1
1041,7167-7168,SU-SV,SU,SV,11,79,FIX,FIX,0,1
1042,7165-7167,SS-SU,SS,SU,9,11,FIX,FIX,0,1
1043,7165-7165,NIV.1043,#N/A,#N/A,-1,100,NIV,DEL,0,1
1044,6144-6144,NIV.1044,#N/A,#N/A,-1,100,NIV,DEL,0,1
1045,6144-6145,E7-E8,E7,E8,77,78,FIX,FIX,0,1
1046,6145-6147,E8-E9,E8,E9,2,78,FIX,FIX,0,1
1047,6147-7163,E9-SQ,E9,SQ,2,8,FIX,FIX,0,1
1048,7164-7164,NIV.1048,#N/A,#N/A,-1,100,NIV,DEL,0,1
1049,6159-6159,NIV.1049,#N/A,#N/A,-1,100,NIV,DEL,0,1
1050,6480-6480,NIV.1050,#N/A,#N/A,-1,100,NIV,DEL,0,1
1051,6480-6480,NIV.1051,#N/A,#N/A,-1,100,NIV,DEL,0,1
1052,7192-7192,NIV.1052,#N/A,#N/A,-1,100,NIV,DEL,0,1
1053,7192-7196,TJ-TN,TJ,TN,34,35,FIX,FIX,0,1
1054,6478-7196,N9-TN,N9,TN,6,35,FIX,FIX,0,1
1055,6478-6481,N9-OC,N9,OC,6,13,FIX,FIX,0,1
1056,6480-6481,OB-OC,OB,OC,13,18,FIX,FIX,0,1
1057,6367-6367,NIV.1057,#N/A,#N/A,-1,100,NIV,DEL,0,1
1058,6366-6367,DEL.K8-K9,K8,K9,-1,57,DEL,DEL,1,1
1059,6338-6366,KI-K8,KI,K8,50,57,FIX,FIX,1,1
1060,6336-6337,KG-KH,KG,KH,49,69,FIX,FIX,1,1
1061,6337-7175,KH-S2,KH,S2,10,49,FIX,FIX,0,1
1062,7175-7176,S2-S3,S2,S3,8,10,FIX,FIX,0,1
1063,7176-7176,NIV.1063,#N/A,#N/A,-1,100,NIV,DEL,0,1
1064,7197-7197,NIV.1064,#N/A,#N/A,-1,100,NIV,DEL,0,1
1065,7197-7201,TO-TS,TO,TS,4,38,FIX,FIX,0,1
1066,7201-7201,NIV.1066,#N/A,#N/A,-1,100,NIV,DEL,0,1
1067,6163-6163,NIV.1067,#N/A,#N/A,-1,100,NIV,DEL,0,1
1068,6163-6163,NIV.1068,#N/A,#N/A,-1,100,NIV,DEL,0,1
1069,6181-6181,NIV.1069,#N/A,#N/A,-1,100,NIV,DEL,0,1
1070,6181-6182,F7-F8,F7,F8,92,97,FIX,FIX,0,1
1071,6182-6183,F8-F9,F8,F9,55,92,FIX,FIX,1,1
1072,6183-6211,F9-G1,F9,G1,39,55,FIX,FIX,1,1
1073,6211-6211,NIV.1073,#N/A,#N/A,-1,100,NIV,DEL,0,1
1074,-,NIV.1074,#N/A,#N/A,-1,100,NIV,DEL,0,1
1075,7178-7178,NIV.1075,#N/A,#N/A,-1,100,NIV,DEL,0,1
1076,7178-7179,S5-S6,S5,S6,16,81,FIX,FIX,0,1
1077,7175-7179,S2-S6,S2,S6,10,16,FIX,FIX,0,1
1078,7177-7177,NIV.1078,#N/A,#N/A,-1,100,NIV,DEL,0,1
1079,7174-7177,S1-S4,S1,S4,2,4,FIX,FIX,0,1
1080,6211-7174,G1-S1,G1,S1,2,39,FIX,FIX,0,1
1081,7180-7180,NIV.1081,#N/A,#N/A,-1,100,NIV,DEL,0,1
1082,7180-7189,S7-TG,S7,TG,86,88,FIX,FIX,0,1
1083,7189-7210,TG-TY,TG,TY,86,94,FIX,FIX,0,1
1084,6411-7210,MF-TY,MF,TY,5,94,FIX,FIX,0,1
1085,6409-6411,MD-MF,MD,MF,5,87,FIX,FIX,0,1
1086,7184-7184,NIV.1086,#N/A,#N/A,-1,100,NIV,DEL,0,1
1087,7184-7185,TB-TC,TB,TC,97,98,FIX,FIX,0,1
1088,6416-7185,MJ-TC,MJ,TC,88,98,FIX,FIX,0,1
1089,7186-7186,NIV.1089,#N/A,#N/A,-1,100,NIV,DEL,0,1
1090,7182-7186,S9-TD,S9,TD,96,99,FIX,FIX,0,1
1091,7182-7183,S9-TA,S9,TA,93,96,FIX,FIX,0,1
1092,7183-7187,TA-TE,TA,TE,90,93,FIX,FIX,0,1
1093,7184-7187,DEL.TB-TE,TB,TE,90,97,DEL,DEL,0,1
1094,7188-7191,TF-TI,TF,TI,82,84,FIX,FIX,0,1
1095,7190-7191,TH-TI,TH,TI,84,85,FIX,FIX,0,1
1096,7187-7190,TE-TH,TE,TH,85,90,FIX,FIX,0,1
1097,7188-7189,TF-TG,TF,TG,82,86,FIX,FIX,0,1
1098,6484-6484,NIV.1098,#N/A,#N/A,-1,100,NIV,DEL,0,1
1099,7202-7203,TT-TU,TT,TU,5,6,FIX,FIX,0,1
1100,7203-7204,TU-TV,TU,TV,3,5,FIX,FIX,0,1
1101,7204-7205,TV-TW,TV,TW,2,3,FIX,FIX,0,1
1102,6489-7205,DEL.OK-TW,OK,TW,2,17,DEL,DEL,0,1
1103,6486-6489,DEL.OH-OK,OH,OK,17,19,DEL,DEL,0,1
1104,6486-6486,NIV.1104,#N/A,#N/A,-1,100,NIV,DEL,0,1
1105,7165-7166,SS-ST,SS,ST,9,10,FIX,FIX,0,1
1106,6164-6164,NIV.1106,#N/A,#N/A,-1,100,NIV,DEL,0,1
1107,6164-6164,NIV.1107,#N/A,#N/A,-1,100,NIV,DEL,0,1
1108,7170-7171,SX-SY,SX,SY,90,98,FIX,FIX,0,1
1109,7168-7169,SV-SW,SV,SW,79,93,FIX,FIX,0,1
1110,6368-6411,DEL.LA-MF,LA,MF,-1,5,DEL,DEL,1,1
1111,7211-7211,NIV.1111,#N/A,#N/A,-1,100,NIV,DEL,0,1
1112,7211-7211,NIV.1112,#N/A,#N/A,-1,100,NIV,DEL,0,1
1113,6486-6486,NIV.1113,#N/A,#N/A,-1,100,NIV,DEL,0,1
1114,7172-7173,SZ-S0,SZ,S0,1,99,FIX,FIX,0,1
1115,6182-7172,F8-SZ,F8,SZ,92,99,FIX,FIX,0,1
1116,-,NIV.1116,#N/A,#N/A,-1,100,NIV,DEL,0,1
1117,6148-7164,FA-SR,FA,SR,1,4,FIX,FIX,0,1
1118,6147-6148,E9-FA,E9,FA,1,2,FIX,FIX,0,1
1119,6158-6158,NIV.1119,#N/A,#N/A,-1,100,NIV,DEL,0,1
1120,7178-7181,S5-S8,S5,S8,81,83,FIX,FIX,0,1
1121,7180-7181,S7-S8,S7,S8,83,88,FIX,FIX,0,1
1122,7186-7195,TD-TM,TD,TM,31,99,FIX,FIX,0,1
1123,7194-7195,TL-TM,TL,TM,31,33,FIX,FIX,0,1
1124,7192-7193,TJ-TK,TJ,TK,32,34,FIX,FIX,0,1
1125,7196-7199,TN-TQ,TN,TQ,35,37,FIX,FIX,0,1
1126,7199-7200,TQ-TR,TQ,TR,37,45,FIX,FIX,0,1
1127,7198-7200,TP-TR,TP,TR,42,45,FIX,FIX,0,1
1128,7197-7198,TO-TP,TO,TP,38,42,FIX,FIX,0,1
1129,6148-6150,FA-FC,FA,FC,1,66,FIX,FIX,0,1
1130,6149-6150,FB-FC,FB,FC,65,66,FIX,FIX,0,1
1131,6096-6149,DY-FB,DY,FB,15,65,FIX,FIX,1,1
1132,6063-6096,DY-C1,DY,C1,15,82,FIX,FIX,1,1
1133,6063-6066,DEL.C4-C1,C4,C1,40,82,DEL,DEL,1,1
1134,6066-6067,C4-C5,C4,C5,40,54,FIX,FIX,1,1
1135,6067-7162,C5-SP,C5,SP,54,94,FIX,FIX,0,1
1136,7161-7162,SO-SP,SO,SP,94,99,FIX,FIX,0,1
1137,7160-7161,SN-SO,SN,SO,70,99,FIX,FIX,0,1
1138,7159-7160,SM-SN,SM,SN,5,70,FIX,FIX,0,1
1139,6149-7157,FB-SK,FB,SK,3,65,FIX,FIX,0,1
1140,7156-7162,SJ-SP,SJ,SP,94,98,FIX,FIX,0,1
1141,5998-7156,DEL.BA-SJ,BA,SJ,53,98,DEL,DEL,0,1
1142,5998-5999,BA-BB,BA,BB,50,53,FIX,FIX,0,1
1143,5999-6002,BB-BD,BB,BD,50,59,FIX,FIX,1,1
1144,5994-6002,A6-BD,A6,BD,49,59,FIX,FIX,1,1
1145,5994-6001,A6-BC,A6,BC,45,49,FIX,FIX,1,1
1146,6001-7152,DEL.BC-SF,BC,SF,29,45,DEL,DEL,0,1
1147,7152-7153,SF-SG,SF,SG,29,30,FIX,FIX,0,1
1148,5999-7153,BB-SG,BB,SG,30,50,FIX,FIX,0,1
1149,7155-7156,SI-SJ,SI,SJ,96,98,FIX,FIX,0,1
1150,7154-7155,SH-SI,SH,SI,31,96,FIX,FIX,0,1
1151,7153-7154,SG-SH,SG,SH,30,31,FIX,FIX,0,1
1152,7159-7159,NIV.1152,#N/A,#N/A,-1,100,NIV,DEL,0,1
1153,6488-6488,NIV.1153,#N/A,#N/A,-1,100,NIV,DEL,0,1
1154,6487-6488,OI-OJ,OI,OJ,10,11,FIX,FIX,0,1
1155,6487-6487,NIV.1155,#N/A,#N/A,-1,100,NIV,DEL,0,1
1156,6362-6391,DEL.K4-LV,K4,LV,17,77,DEL,DEL,1,1
1157,6440-6446,M7-ND,M7,ND,73,75,FIX,FIX,0,1
1158,6541-6542,DEL.PY-PZ,PY,PZ,60,86,DEL,DEL,1,1
1159,6488-6524,DEL.OJ-PH,OJ,PH,10,59,DEL,DEL,1,1
1160,6379-6387,LJ-LR,LJ,LR,12,25,FIX,FIX,0,1
1161,6385-6385,NIV.1161,#N/A,#N/A,-1,100,NIV,DEL,0,1
1162,6128-6132,DEL.ER-EV,ER,EV,71,83,DEL,DEL,1,1
1163,6129-6129,NIV.1163,#N/A,#N/A,-1,100,NIV,DEL,0,1
1164,6199-6199,NIV.1164,#N/A,#N/A,-1,100,NIV,DEL,0,1
1165,6332-6332,NIV.1165,#N/A,#N/A,-1,100,NIV,DEL,0,1
1166,6123-6190,EN-GG,EN,GG,5,81,FIX,FIX,1,1
1167,-,NIV.1167,#N/A,#N/A,-1,100,NIV,DEL,0,1
1168,6306-6316,JM-JW,JM,JW,5,63,FIX,FIX,0,1
1169,6306-6575,JM-QU,JM,QU,5,8,FIX,FIX,0,1
1170,6610-6611,RQ-RR,RQ,RR,12,17,FIX,FIX,1,1
1171,6249-6249,NIV.1171,#N/A,#N/A,-1,100,NIV,DEL,0,1
1172,6164-7171,DEL.FQ-SY,FQ,SY,62,98,DEL,DEL,1,1
1173,7172-7172,NIV.1173,#N/A,#N/A,-1,100,NIV,DEL,0,1
1174, ,T1-T2,T1,T2,50,76,NEW,FIX,1,1
1175, ,EK-T1,EK,T1,1,50,NEW,FIX,1,1
1176, ,EK-T5,EK,T5,1,39,NEW,FIX,1,1
1177, ,T7-T8,T7,T8,21,34,NEW,FIX,1,1
1178, ,EK-T4,EK,T4,1,84,NEW,FIX,1,1
1179, ,T3-T4,T3,T4,59,84,NEW,FIX,1,1
1180, ,T2-T3,T2,T3,59,76,NEW,FIX,1,1
1181, ,EP-T3,EP,T3,59,65,NEW,FIX,1,1
1182, ,T1-T5,T1,T5,39,50,NEW,FIX,1,1
1183, ,T5-T6,T5,T6,39,71,NEW,FIX,1,1
1184, ,T6-T7,T6,T7,21,71,NEW,FIX,1,1
1185, ,T8-T9,T8,T9,34,36,NEW,FIX,1,1
1186, ,T8-UA,T8,UA,34,85,NEW,FIX,1,1
1187, ,HP-UA,HP,UA,12,85,NEW,FIX,1,1
1188, ,T4-UB,T4,UB,9,84,NEW,FIX,1,1
1189, ,EM-UB,EM,UB,9,68,NEW,FIX,1,1
1190, ,EM-UC,EM,UC,68,75,NEW,FIX,1,1
1191, ,UC-UD,UC,UD,69,75,NEW,FIX,1,1
1192, ,FH-UB,FH,UB,9,83,NEW,FIX,1,1
1193, ,EO-UE,EO,UE,62,86,NEW,FIX,1,1
1194, ,EP-UE,EP,UE,62,65,NEW,FIX,1,1
1195, ,HW-UA,HW,UA,25,85,NEW,FIX,1,1
1196, ,HX-UF,HX,UF,22,56,NEW,FIX,1,1
1197, ,UF-UG,UF,UG,20,56,NEW,FIX,1,1
1198, ,I9-UG,I9,UG,20,40,NEW,FIX,1,1
1199, ,I9-UH,I9,UH,40,48,NEW,FIX,1,1
1200, ,JA-UH,JA,UH,41,48,NEW,FIX,1,1
1201, ,HZ-UI,HZ,UI,60,72,NEW,FIX,1,1
1202, ,UD-UI,UD,UI,60,69,NEW,FIX,1,1
1203, ,H0-UI,H0,UI,60,73,NEW,FIX,1,1
1204, ,H1-UD,H1,UD,19,69,NEW,FIX,1,1
1205, ,IR-UJ,IR,UJ,5,85,NEW,FIX,1,1
1206, ,IB-UJ,IB,UJ,85,88,NEW,FIX,1,1
1207, ,UJ-UK,UJ,UK,30,85,NEW,FIX,1,1
1208, ,IT-UK,IT,UK,30,36,NEW,FIX,1,1
1209, ,HB-UM,HB,UM,28,90,NEW,FIX,1,1
1210, ,H2-UM,H2,UM,18,28,NEW,FIX,1,1
1211, ,H0-H2,H0,H2,18,73,NEW,FIX,0,1
1212, ,H0-H1,H0,H1,19,73,MIS,FIX,0,1
1213, ,HY-HZ,HY,HZ,15,72,MIS,FIX,0,1
1214, ,IK-UL,IK,UL,35,61,NEW,FIX,1,1
1215, ,IJ-UL,IJ,UL,61,93,NEW,FIX,1,1
1216, ,UL-UM,UL,UM,28,61,NEW,FIX,1,1
1217, ,UL-UO,UL,UO,53,61,NEW,FIX,1,1
1218, ,IM-UO,IM,UO,3,53,NEW,FIX,1,1
1219, ,UO-UP,UO,UP,40,53,NEW,FIX,1,1
1220, ,UP-UQ,UP,UQ,40,70,NEW,FIX,1,1
1221, ,UP-UR,UP,UR,40,78,NEW,FIX,1,1
1222, ,IJ-UQ,IJ,UQ,70,93,NEW,FIX,1,1
1223, ,H7-US,H7,US,80,94,NEW,FIX,1,1
1224, ,HS-US,HS,US,29,80,NEW,FIX,1,1
1225, ,US-UT,US,UT,63,80,NEW,FIX,1,1
1226, ,HT-UT,HT,UT,63,97,NEW,FIX,1,1
1227, ,H9-UT,H9,UT,43,63,NEW,FIX,1,1
1228, ,H8-UU,H8,UU,44,67,NEW,FIX,1,1
1229, ,H9-UU,H9,UU,43,67,NEW,FIX,1,1
1230, ,H9-UV,H9,UV,43,45,NEW,FIX,1,1
1231, ,UU-UW,UU,UW,67,99,NEW,FIX,1,1
1232, ,UW-UY,UW,UY,65,99,NEW,FIX,1,1
1233, ,UV-UZ,UV,UZ,45,90,NEW,FIX,1,1
1234, ,UW-UZ,UW,UZ,90,99,NEW,FIX,1,1
1235, ,UZ-U0,UZ,U0,88,90,NEW,FIX,1,1
1236, ,JB-U0,JB,U0,42,88,NEW,FIX,1,1
1237, ,JC-U0,JC,U0,53,88,NEW,FIX,1,1
1238, ,JB-U1,JB,U1,42,92,NEW,FIX,1,1
1239, ,JA-U1,JA,U1,41,92,NEW,FIX,1,1
1240, ,UV-U1,UV,U1,45,92,NEW,FIX,1,1
1241, ,II-UQ,II,UQ,46,70,NEW,FIX,1,1
1242, ,IH-UR,IH,UR,23,78,NEW,FIX,1,1
1243, ,JQ-U2,JQ,U2,22,24,NEW,FIX,1,1
1244, ,JP-U2,JP,U2,22,30,NEW,FIX,1,1
1245, ,H8-UY,H8,UY,44,65,NEW,FIX,1,1
1246, ,JP-UY,JP,UY,30,65,NEW,FIX,1,1
1247, ,IG-UO,IG,UO,47,53,NEW,FIX,1,1
1248, ,IG-UR,IG,UR,47,78,NEW,FIX,1,1
1249, ,U2-U3,U2,U3,13,22,NEW,FIX,1,1
1250, ,U3-U4,U3,U4,13,89,NEW,FIX,1,1
1251, ,U4-VG,U4,VG,89,95,NEW,FIX,1,1
1252, ,JO-U4,JO,U4,58,89,NEW,FIX,1,1
1253, ,JM-VG,JM,VG,5,95,NEW,FIX,1,1
1254, ,JO-U5,JO,U5,11,58,NEW,FIX,1,1
1255, ,JR-U5,JR,U5,11,34,NEW,FIX,1,1
1256, ,U3-U5,U3,U5,11,13,NEW,FIX,1,1
1257, ,JR-U7,JR,U7,34,64,NEW,FIX,1,1
1258, ,JS-U7,JS,U7,51,64,NEW,FIX,1,1
1259, ,U7-U8,U7,U8,54,64,NEW,FIX,1,1
1260, ,JS-U8,JS,U8,51,54,NEW,FIX,1,1
1261, ,IG-U8,IG,U8,47,54,NEW,FIX,1,1
1262, ,IF-U8,IF,U8,48,54,NEW,FIX,1,1
1263, ,IF-VH,IF,VH,48,52,NEW,FIX,1,1
1264, ,IM-VH,IM,VH,3,52,NEW,FIX,1,1
1265, ,VH-VI,VH,VI,52,82,NEW,FIX,1,1
1266, ,JT-U9,JT,U9,71,96,NEW,FIX,1,1
1267, ,JT-VA,JT,VA,50,96,NEW,FIX,1,1
1268, ,U9-VA,U9,VA,50,71,NEW,FIX,1,1
1269, ,JS-U9,JS,U9,51,71,NEW,FIX,1,1
1270, ,JO-VA,JO,VA,50,58,NEW,FIX,1,1
1271, ,J3-VB,J3,VB,81,92,NEW,FIX,1,1
1272, ,J2-VB,J2,VB,45,81,NEW,FIX,1,1
1273, ,J2-VC,J2,VC,45,80,NEW,FIX,1,1
1274, ,J1-VC,J1,VC,19,80,NEW,FIX,1,1
1275, ,IW-VF,IW,VF,7,27,NEW,FIX,1,1
1276, ,I3-VF,I3,VF,27,78,NEW,FIX,1,1
1277, ,IU-UK,IU,UK,30,37,NEW,FIX,1,1
1278, ,G8-VL,G8,VL,10,57,NEW,FIX,1,1
1279, ,G9-VK,G9,VK,46,95,NEW,FIX,1,1
1280, ,G8-VK,G8,VK,10,46,NEW,FIX,1,1
1281, ,G3-VL,G3,VL,7,57,NEW,FIX,1,1
1282, ,HA-VL,HA,VL,57,89,NEW,FIX,1,1
1283, ,VF-VM,VF,VM,27,56,NEW,FIX,1,1
1284, ,I4-VM,I4,VM,25,56,NEW,FIX,1,1
1285, ,HM-VM,HM,VM,54,56,NEW,FIX,1,1
1286, ,JY-VE,JY,VE,17,53,NEW,FIX,1,1
1287, ,J0-VE,J0,VE,17,55,NEW,FIX,1,1
1288, ,J9-VE,J9,VE,10,17,NEW,FIX,1,1
1289, ,J0-VD,J0,VD,55,86,NEW,FIX,1,1
1290, ,VC-VD,VC,VD,80,86,NEW,FIX,1,1
1291, ,JV-VD,JV,VD,56,86,NEW,FIX,1,1
1292, ,N1-VN,N1,VN,26,85,NEW,FIX,1,1
1293, ,VN-VO,VN,VO,26,56,NEW,FIX,1,1
1294, ,VO-VP,VO,VP,16,56,NEW,FIX,1,1
1295, ,VN-VQ,VN,VQ,26,46,NEW,FIX,1,1
1296, ,VN-VR,VN,VR,21,26,NEW,FIX,1,1
1297, ,VQ-VR,VQ,VR,21,46,NEW,FIX,1,1
1298, ,VR-VY,VR,VY,21,72,NEW,FIX,1,1
1299, ,NP-VX,NP,VX,63,86,NEW,FIX,1,1
1300, ,NQ-VX,NQ,VX,39,63,NEW,FIX,1,1
1301, ,J6-VP,J6,VP,16,99,NEW,FIX,1,1
1302, ,VR-VW,VR,VW,11,21,NEW,FIX,1,1
1303, ,KS-VW,KS,VW,11,33,NEW,FIX,1,1
1304, ,KN-VW,KN,VW,11,30,NEW,FIX,1,1
1305, ,KS-VY,KS,VY,33,72,NEW,FIX,1,1
1306, ,VQ-VV,VQ,VV,24,46,NEW,FIX,1,1
1307, ,VU-VV,VU,VV,24,27,NEW,FIX,1,1
1308, ,VT-VU,VT,VU,27,44,NEW,FIX,1,1
1309, ,D3-D7,D3,D7,36,71,MIS,FIX,1,1
1310, ,D4-VZ,D4,VZ,32,92,NEW,FIX,1,1
1311, ,BM-VZ,BM,VZ,31,92,NEW,FIX,1,1
1312, ,D4-V0,D4,V0,32,75,NEW,FIX,1,1
1313, ,D2-V0,D2,V0,75,85,NEW,FIX,1,1
1314, ,V0-V1,V0,V1,13,75,NEW,FIX,1,1
1315, ,V1-V2,V1,V2,13,73,NEW,FIX,1,1
1316, ,V2-V3,V2,V3,3,73,NEW,FIX,1,1
1317, ,V3-V4,V3,V4,3,61,NEW,FIX,1,1
1318, ,BM-V2,BM,V2,31,73,NEW,FIX,1,1
1319, ,BM-V4,BM,V4,31,61,NEW,FIX,1,1
1320, ,V4-V5,V4,V5,61,65,NEW,FIX,1,1
1321, ,BL-V5,BL,V5,29,65,NEW,FIX,1,1
1322, ,V5-V6,V5,V6,65,93,NEW,FIX,1,1
1323, ,VZ-V6,VZ,V6,92,93,NEW,FIX,1,1
1324, ,V6-V7,V6,V7,62,93,NEW,FIX,1,1
1325, ,BL-V7,BL,V7,29,62,NEW,FIX,1,1
1326, ,I8-V7,I8,V7,12,62,NEW,FIX,1,1
1327, ,V6-V8,V6,V8,22,93,NEW,FIX,1,1
1328, ,NT-V8,NT,V8,22,98,NEW,FIX,1,1
1329, ,NR-V9,NR,V9,40,82,NEW,FIX,1,1
1330, ,V9-WA,V9,WA,82,83,NEW,FIX,1,1
1331, ,D5-WA,D5,WA,83,97,NEW,FIX,1,1
1332, ,V8-V9,V8,V9,22,82,NEW,FIX,1,1
1333, ,VX-WA,VX,WA,63,83,NEW,FIX,1,1
1334, ,V7-WB,V7,WB,62,72,NEW,FIX,1,1
1335, ,BL-WB,BL,WB,29,72,NEW,FIX,1,1
1336, ,BK-WB,BK,WB,26,72,NEW,FIX,1,1
1337, ,WC-WD,WC,WD,36,49,NEW,FIX,1,1
1338, ,BK-WC,BK,WC,26,36,NEW,FIX,1,1
1339, ,BJ-WC,BJ,WC,24,36,NEW,FIX,1,1
1340, ,BH-WD,BH,WD,34,49,NEW,FIX,1,1
1341, ,WD-WE,WD,WE,9,49,NEW,FIX,1,1
1342, ,WE-WF,WE,WF,9,30,NEW,FIX,1,1
1343, ,V3-WE,V3,WE,3,9,NEW,FIX,1,1
1344, ,SC-VT,SC,VT,4,44,NEW,FIX,1,1
1345, ,GN-WG,GN,WG,29,69,NEW,FIX,1,1
1346, ,GF-WG,GF,WG,69,80,NEW,FIX,1,1
1347, ,VU-WG,VU,WG,27,69,NEW,FIX,1,1
1348, ,KN-WH,KN,WH,20,30,NEW,FIX,1,1
1349, ,VV-WH,VV,WH,20,24,NEW,FIX,1,1
1350, ,GN-WO,GN,WO,25,29,NEW,FIX,1,1
1351, ,GM-WO,GM,WO,25,28,NEW,FIX,1,1
1352, ,WK-WO,WK,WO,25,58,NEW,FIX,1,1
1353, ,WK-WL,WK,WL,48,58,NEW,FIX,1,1
1354, ,GM-WL,GM,WL,28,48,NEW,FIX,1,1
1355, ,WL-WP,WL,WP,48,62,NEW,FIX,1,1
1356, ,WJ-WK,WJ,WK,49,58,NEW,FIX,1,1
1357, ,WI-WM,WI,WM,70,90,NEW,FIX,1,1
1358, ,WH-WI,WH,WI,20,70,NEW,FIX,1,1
1359, ,WI-WJ,WI,WJ,49,70,NEW,FIX,1,1
1360, ,GN-WJ,GN,WJ,29,49,NEW,FIX,1,1
1361, ,KN-WM,KN,WM,30,90,NEW,FIX,1,1
1362, ,KQ-WM,KQ,WM,67,90,NEW,FIX,1,1
1363, ,SB-WQ,SB,WQ,14,34,NEW,FIX,1,1
1364, ,KQ-WQ,KQ,WQ,14,67,NEW,FIX,1,1
1365, ,WQ-WR,WQ,WR,14,64,NEW,FIX,1,1
1366, ,5L-VY,5L,VY,72,73,NEW,FIX,1,1
1367, ,OM-WS,OM,WS,83,95,NEW,FIX,1,1
1368, ,N0-WS,N0,WS,65,95,NEW,FIX,1,1
1369, ,QW-WT,QW,WT,20,42,NEW,FIX,1,1
1370, ,OL-WT,OL,WT,42,62,NEW,FIX,1,1
1371, ,OQ-WT,OQ,WT,22,42,NEW,FIX,1,1
1372, ,OP-WW,OP,WW,27,77,NEW,FIX,1,1
1373, ,OR-WU,OR,WU,28,78,NEW,FIX,1,1
1374, ,UN-WU,UN,WU,78,99,NEW,FIX,1,1
1375, ,LI-UN,LI,UN,29,99,NEW,FIX,1,1
1376, ,WV-WW,WV,WW,58,77,NEW,FIX,1,1
1377, ,WU-WV,WU,WV,58,78,NEW,FIX,1,1
1378, ,WV-WX,WV,WX,57,58,NEW,FIX,1,1
1379, ,WX-YI,WX,YI,57,67,NEW,FIX,1,1
1380, ,OO-WX,OO,WX,57,84,NEW,FIX,1,1
1381, ,WY-YI,WY,YI,67,96,NEW,FIX,1,1
1382, ,R2-WY,R2,WY,26,96,NEW,FIX,1,1
1383, ,QX-WY,QX,WY,23,96,NEW,FIX,1,1
1384, ,OO-WZ,OO,WZ,81,84,NEW,FIX,1,1
1385, ,WZ-W0,WZ,W0,80,81,NEW,FIX,1,1
1386, ,PK-WZ,PK,WZ,41,81,NEW,FIX,1,1
1387, ,PQ-W0,PQ,W0,56,80,NEW,FIX,1,1
1388, ,PP-W1,PP,W1,55,85,NEW,FIX,1,1
1389, ,PO-W1,PO,W1,42,85,NEW,FIX,1,1
1390, ,PO-W2,PO,W2,42,72,NEW,FIX,1,1
1391, ,6S-PK,6S,PK,18,41,NEW,FIX,1,1
1392, ,MX-W2,MX,W2,49,72,NEW,FIX,1,1
1393, ,MW-W3,MW,W3,76,86,NEW,FIX,1,1
1394, ,MX-W3,MX,W3,49,86,NEW,FIX,1,1
1395, ,W3-W4,W3,W4,38,86,NEW,FIX,1,1
1396, ,W4-W5,W4,W5,38,68,NEW,FIX,1,1
1397, ,LH-W5,LH,W5,36,68,NEW,FIX,1,1
1398, ,LH-W6,LH,W6,5,36,NEW,FIX,1,1
1399, ,LD-W6,LD,W6,5,35,NEW,FIX,1,1
1400, ,WR-W8,WR,W8,61,64,NEW,FIX,1,1
1401, ,W6-W8,W6,W8,5,61,NEW,FIX,1,1
1402, ,W6-W7,W6,W7,5,75,NEW,FIX,1,1
1403, ,PO-XA,PO,XA,21,42,NEW,FIX,1,1
1404, ,W9-XA,W9,XA,10,21,NEW,FIX,1,1
1405, ,PN-W9,PN,W9,10,58,NEW,FIX,1,1
1406, ,W9-XB,W9,XB,10,30,NEW,FIX,0,1
1407, ,RX-XC,RX,XC,51,59,NEW,FIX,1,1
1408, ,RW-XC,RW,XC,46,59,NEW,FIX,1,1
1409, ,P2-XD,P2,XD,14,44,NEW,FIX,1,1
1410, ,P1-XD,P1,XD,14,45,NEW,FIX,1,1
1411, ,XA-XD,XA,XD,14,21,NEW,FIX,1,1
1412, ,RU-XE,RU,XE,33,47,NEW,FIX,1,1
1413, ,XE-XF,XE,XF,33,63,NEW,FIX,1,1
1414, ,XF-XG,XF,XG,63,65,NEW,FIX,1,1
1415, ,XE-XG,XE,XG,33,65,NEW,FIX,1,1
1416, ,W1-XG,W1,XG,65,85,NEW,FIX,1,1
1417, ,RT-XF,RT,XF,40,63,NEW,FIX,1,1
1418, ,RS-R4,RS,R4,38,93,NEW,FIX,1,1
1419, ,R2-XH,R2,XH,26,39,NEW,FIX,1,1
1420, ,R8-XH,R8,XH,35,39,NEW,FIX,1,1
1421, ,R6-XH,R6,XH,39,89,NEW,FIX,1,1
1422, ,R6-XI,R6,XI,69,89,NEW,FIX,1,1
1423, ,XI-XJ,XI,XJ,66,69,NEW,FIX,1,1
1424, ,RR-XJ,RR,XJ,17,66,NEW,FIX,1,1
1425, ,RR-XK,RR,XK,17,98,NEW,FIX,1,1
1426, ,RS-XI,RS,XI,38,69,NEW,FIX,1,1
1427, ,RV-XK,RV,XK,48,98,NEW,FIX,1,1
1428, ,RV-XL,RV,XL,48,53,NEW,FIX,1,1
1429, ,XC-XL,XC,XL,53,59,NEW,FIX,1,1
1430, ,R0-XL,R0,XL,49,53,NEW,FIX,1,1
1431, ,P1-XM,P1,XM,31,45,NEW,FIX,0,1
1432, ,RY-XN,RY,XN,30,52,NEW,FIX,0,1
1433, ,XN-XO,XN,XO,15,30,NEW,FIX,0,1
1434, ,RI-XN,RI,XN,30,92,NEW,FIX,1,1
1435, ,RI-XP,RI,XP,60,92,NEW,FIX,1,1
1436, ,XP-XQ,XP,XQ,1,60,NEW,FIX,1,1
1437, ,XP-XR,XP,XR,20,60,NEW,FIX,1,1
1438, ,RJ-XR,RJ,XR,10,20,NEW,FIX,1,1
1439, ,XQ-XT,XQ,XT,1,22,NEW,FIX,1,1
1440, ,RJ-XT,RJ,XT,10,22,NEW,FIX,1,1
1441, ,XS-XT,XS,XT,22,28,NEW,FIX,1,1
1442, ,XS-XU,XS,XU,NaN,NaN,NEW,FIX,1,1
1443, ,XV-XW,XV,XW,NaN,NaN,NEW,FIX,1,1
1444, ,RJ-XW,RJ,XW,10,29,NEW,FIX,1,1
1445, ,XW-XX,XW,XX,8,29,NEW,FIX,1,1
1446, ,RK-XX,RK,XX,6,8,NEW,FIX,1,1
1447, ,XX-XY,XX,XY,8,27,NEW,FIX,1,1
1448, ,XY-XZ,XY,XZ,NaN,NaN,NEW,FIX,1,1
1449, ,XY-X0,XY,X0,NaN,NaN,NEW,FIX,1,1
1450, ,XR-YF,XR,YF,20,62,NEW,FIX,1,1
1451, ,RG-X1,RG,X1,7,9,NEW,FIX,1,1
1452, ,RK-X1,RK,X1,6,9,NEW,FIX,1,1
1453, ,X1-X2,X1,X2,9,76,NEW,FIX,1,1
1454, ,RF-X3,RF,X3,2,36,NEW,FIX,1,1
1455, ,X2-X3,X2,X3,36,76,NEW,FIX,1,1
1456, ,SA-X2,SA,X2,57,76,NEW,FIX,1,1
1457, ,RL-X5,RL,X5,84,99,NEW,FIX,1,1
1458, ,RO-X5,RO,X5,4,84,NEW,FIX,1,1
1459, ,RO-X4,RO,X4,4,54,NEW,FIX,1,1
1460, ,X3-X4,X3,X4,36,54,NEW,FIX,1,1
1461, ,RP-X4,RP,X4,3,54,NEW,FIX,1,1
1462, ,RO-X6,RO,X6,4,55,NEW,FIX,1,1
1463, ,RN-X6,RN,X6,55,97,NEW,FIX,1,1
1464, ,X6-X7,X6,X7,45,55,NEW,FIX,1,1
1465, ,RP-X7,RP,X7,3,45,NEW,FIX,1,1
1466, ,R1-X8,R1,X8,13,23,NEW,FIX,1,1
1467, ,X8-YA,X8,YA,23,34,NEW,FIX,1,1
1468, ,RQ-X8,RQ,X8,12,23,NEW,FIX,1,1
1469, ,XK-X9,XK,X9,61,98,NEW,FIX,1,1
1470, ,X5-YG,X5,YG,84,93,NEW,FIX,1,1
1471, ,RM-YJ,RM,YJ,NaN,NaN,NEW,FIX,1,1
1472, ,RM-YG,RM,YG,93,98,NEW,FIX,1,1
1473, ,RN-YG,RN,YG,93,97,NEW,FIX,1,1
1474, ,X7-YB,X7,YB,15,45,NEW,FIX,1,1
1475, ,RC-X7,RC,X7,45,95,NEW,FIX,1,1
1476, ,RC-YC,RC,YC,56,95,NEW,FIX,1,1
1477, ,Q3-YN,Q3,YN,11,18,NEW,FIX,1,1
1478, ,Q3-YO,Q3,YO,11,71,NEW,FIX,1,1
1479, ,Q4-YO,Q4,YO,71,87,NEW,FIX,1,1
1480, ,YL-YO,YL,YO,NaN,NaN,NEW,FIX,1,1
1481, ,YM-YP,YM,YP,NaN,NaN,NEW,FIX,1,1
1482, ,RQ-YA,RQ,YA,12,34,NEW,FIX,1,1
1483, ,RA-YA,RA,YA,34,94,NEW,FIX,1,1
1484, ,R8-XJ,R8,XJ,35,66,NEW,FIX,1,1
1485, ,Q9-YD,Q9,YD,50,82,NEW,FIX,1,1
1486, ,Q8-YD,Q8,YD,50,90,NEW,FIX,1,1
1487, ,RA-YB,RA,YB,15,94,NEW,FIX,1,1
1488, ,YB-YD,YB,YD,15,50,NEW,FIX,1,1
1489, ,YB-YC,YB,YC,15,56,NEW,FIX,1,1
1490, ,QO-YE,QO,YE,31,80,NEW,FIX,1,1
1491, ,MD-TB,MD,TB,87,97,MIS,FIX,0,1
1492, ,LE-W7,LE,W7,45,75,NEW,FIX,1,1
1493, ,LG-W5,LG,W5,68,88,NEW,FIX,1,1
1494, ,YC-YQ,YC,YQ,38,56,NEW,FIX,1,1
1495, ,YQ-YR,YQ,YR,28,38,NEW,FIX,1,1
1496, ,YR-YS,YR,YS,24,28,NEW,FIX,1,1
1497, ,YT-YU,YT,YU,40,46,NEW,FIX,1,1
1498, ,YU-YV,YU,YV,16,46,NEW,FIX,1,1
1499, ,YR-YT,YR,YT,28,40,NEW,FIX,1,1
1500, ,YS-YV,YS,YV,16,24,NEW,FIX,1,1
1501, ,YV-YW,YV,YW,16,33,NEW,FIX,1,1
1502, ,YW-YX,YW,YX,33,49,NEW,FIX,1,1
1503, ,QE-YV,QE,YV,16,86,NEW,FIX,1,1
1504, ,QE-YW,QE,YW,33,86,NEW,FIX,1,1
1505, ,QC-Y0,QC,Y0,32,39,NEW,FIX,1,1
1506, ,YP-Y0,YP,Y0,21,32,NEW,FIX,1,1
1507, ,Q4-YP,Q4,YP,21,87,NEW,FIX,1,1
1508, ,Y0-Y3,Y0,Y3,NaN,NaN,NEW,FIX,1,1
1509, ,Y1-Y4,Y1,Y4,NaN,NaN,NEW,FIX,1,1
1510, ,QB-Y1,QB,Y1,14,83,NEW,FIX,1,1
1511, ,Y1-Y2,Y1,Y2,14,17,NEW,FIX,1,1
1512, ,Y2-Y6,Y2,Y6,17,48,NEW,FIX,1,1
1513, ,Y6-Y7,Y6,Y7,NaN,NaN,NEW,FIX,1,1
1514, ,QG-Y6,QG,Y6,48,77,NEW,FIX,1,1
1515, ,YX-YZ,YX,YZ,44,49,NEW,FIX,1,1
1516, ,QD-YZ,QD,YZ,44,85,NEW,FIX,1,1
1517, ,QA-YX,QA,YX,49,79,NEW,FIX,1,1
1518, ,P9-YZ,P9,YZ,44,78,NEW,FIX,1,1
1519, ,P9-QF,P9,QF,76,78,NEW,FIX,0,1
1520, ,QA-ZA,QA,ZA,26,79,NEW,FIX,1,1
1521, ,QT-ZA,QT,ZA,26,66,NEW,FIX,1,1
1522, ,ZA-ZB,ZA,ZB,26,42,NEW,FIX,1,1
1523, ,YU-ZB,YU,ZB,42,46,NEW,FIX,1,1
1524, ,Q8-YT,Q8,YT,40,90,NEW,FIX,1,1
1525, ,QS-ZB,QS,ZB,42,67,NEW,FIX,1,1
1526, ,QR-ZC,QR,ZC,68,98,NEW,FIX,1,1
1527, ,YE-ZC,YE,ZC,31,98,NEW,FIX,1,1
1528, ,QP-YE,QP,YE,31,71,NEW,FIX,1,1
1529, ,QQ-ZD,QQ,ZD,70,92,NEW,FIX,1,1
1530, ,ZC-ZD,ZC,ZD,92,98,NEW,FIX,1,1
1531, ,ZD-ZE,ZD,ZE,92,96,NEW,FIX,1,1
1532, ,ZE-ZF,ZE,ZF,6,96,NEW,FIX,1,1
1533, ,P7-ZF,P7,ZF,2,6,NEW,FIX,1,1
1534, ,QH-ZG,QH,ZG,12,72,NEW,FIX,1,1
1535, ,QH-QJ,QH,QJ,69,72,NEW,FIX,0,1
1536, ,P6-ZG,P6,ZG,12,84,NEW,FIX,1,1
1537, ,QR-ZE,QR,ZE,68,96,NEW,FIX,1,1
1538, ,ZF-ZG,ZF,ZG,6,12,NEW,FIX,1,1
1539, ,P3-Y9,P3,Y9,1,20,NEW,FIX,1,1
1540, ,QF-Y9,QF,Y9,20,76,NEW,FIX,1,1
1541, ,Y8-Y9,Y8,Y9,NaN,NaN,NEW,FIX,1,1
1542, ,P3-P4,P3,P4,1,9,NEW,FIX,1,1
1543, ,QL-VG,QL,VG,91,95,NEW,FIX,1,1
1544, ,ZH-ZI,ZH,ZI,NaN,NaN,NEW,FIX,1,1
1545, ,ZH-ZJ,ZH,ZJ,NaN,NaN,NEW,FIX,1,1
1546, ,P4-ZH,P4,ZH,9,74,NEW,FIX,1,1
1547, ,JL-ZH,JL,ZH,54,74,NEW,FIX,1,1
1548, ,JK-ZK,JK,ZK,35,77,NEW,FIX,1,1
1549, ,JD-ZK,JD,ZK,35,75,NEW,FIX,1,1
1550, ,JG-U4,JG,U4,59,89,NEW,FIX,1,1
1551, ,JE-UW,JE,UW,76,99,NEW,FIX,1,1
1552, ,UH-ZK,UH,ZK,35,48,NEW,FIX,1,1
1553, ,ZL-ZM,ZL,ZM,NaN,NaN,NEW,FIX,1,1
1554, ,UG-ZN,UG,ZN,NaN,NaN,NEW,FIX,1,1
1555, ,UF-ZO,UF,ZO,NaN,NaN,NEW,FIX,1,1
1556, ,T7-ZQ,T7,ZQ,NaN,NaN,NEW,FIX,1,1
1557, ,T9-ZP,T9,ZP,NaN,NaN,NEW,FIX,1,1
1558, ,FG-ZR,FG,ZR,66,98,NEW,FIX,1,1
1559, ,FF-ZR,FF,ZR,6,98,NEW,FIX,1,1
1560, ,G3-ZR,G3,ZR,7,98,NEW,FIX,1,1
1561, ,UE-ZS,UE,ZS,58,62,NEW,FIX,1,1
1562, ,FG-ZS,FG,ZS,58,66,NEW,FIX,1,1
1563, ,ZS-ZT,ZS,ZT,58,88,NEW,FIX,1,1
1564, ,T2-ZU,T2,ZU,74,76,NEW,FIX,1,1
1565, ,EP-ZU,EP,ZU,65,74,NEW,FIX,1,1
1566, ,ZT-ZU,ZT,ZU,74,88,NEW,FIX,1,1
1567, ,ZT-ZV,ZT,ZV,88,96,NEW,FIX,1,1
1568, ,ZV-ZW,ZV,ZW,24,96,NEW,FIX,1,1
1569, ,FG-ZW,FG,ZW,24,66,NEW,FIX,1,1
1570, ,GU-ZW,GU,ZW,24,82,NEW,FIX,1,1
1571, ,ZV-ZX,ZV,ZX,64,96,NEW,FIX,1,1
1572, ,GU-ZX,GU,ZX,64,82,NEW,FIX,1,1
1573, ,G7-ZX,G7,ZX,64,81,NEW,FIX,1,1
1574, ,G7-ZY,G7,ZY,60,81,NEW,FIX,1,1
1575, ,ZY-ZZ,ZY,ZZ,44,60,NEW,FIX,1,1
1576, ,HE-ZZ,HE,ZZ,2,44,NEW,FIX,1,1
1577, ,HN-VK,HN,VK,1,46,NEW,FIX,1,1
1578, ,HJ-Z0,HJ,Z0,19,59,NEW,FIX,1,1
1579, ,AH-Z0,AH,Z0,16,59,NEW,FIX,1,1
1580, ,ZZ-Z0,ZZ,Z0,44,59,NEW,FIX,1,1
1581, ,HG-Z1,HG,Z1,75,80,NEW,FIX,1,1
1582, ,AH-Z1,AH,Z1,16,75,NEW,FIX,1,1
1583, ,Z1-Z2,Z1,Z2,75,77,NEW,FIX,1,1
1584, ,T0-Z2,T0,Z2,52,77,NEW,FIX,1,1
1585, ,HG-ZY,HG,ZY,60,80,NEW,FIX,1,1
1586, ,AC-HI,AC,HI,83,84,NEW,FIX,1,1
1587, ,XB-Z4,XB,Z4,5,30,NEW,FIX,0,1
1588, ,Y2-Y5,Y2,Y5,NaN,NaN,NEW,FIX,1,1
1589, ,T6-Z5,T6,Z5,NaN,NaN,NEW,FIX,1,1
1590, ,DEL.J4-NS,J4,NS,9,41,DEL,DEL,1,1
1591, ,OG-TS,OG,TS,4,16,MIS,FIX,0,1
1592, ,IB-VI,IB,VI,82,88,NEW,FIX,1,1
1593, ,IC-VI,IC,VI,74,82,NEW,FIX,1,1
1594, ,Z6-Z7,Z6,Z7,23,84,NEW,FIX,1,1
1595, ,NQ-Z7,NQ,Z7,39,84,NEW,FIX,1,1
1596, ,VO-Z6,VO,Z6,23,56,NEW,FIX,1,1
1597, ,NP-Z7,NP,Z7,84,86,NEW,FIX,1,1
1598, ,Z7-Z8,Z7,Z8,84,94,NEW,FIX,1,1
1599, ,VP-Z8,VP,Z8,16,94,NEW,FIX,1,1
1600, ,Z8-Z9,Z8,Z9,2,94,NEW,FIX,1,1
1601, ,DEL.RR-RV,RR,RV,17,48,DEL,DEL,1,1
1602, ,DEL.BL-BM,BL,BM,29,31,DEL,DEL,0,1
1603,6467-6492,DEL.NY-ON,NY,ON,-1,50,DEL,DEL,1,1
1604, ,DEL.HO-HX,HO,HX,10,22,DEL,DEL,1,1
1605, ,0A-0B,0A,0B,9,12,NEW,FIX,0,1
1606, ,Z4-0A,Z4,0A,5,12,NEW,FIX,0,1
1607, ,NG-0A,NG,0A,12,54,NEW,FIX,0,1
1608, ,M6-0D,M6,0D,34,74,NEW,FIX,1,1
1609, ,NG-0D,NG,0D,34,54,NEW,FIX,1,1
1610, ,NE-0D,NE,0D,3,34,NEW,FIX,1,1
1611, ,NE-0E,NE,0E,3,71,NEW,FIX,1,1
1612, ,0A-0E,0A,0E,12,71,NEW,FIX,1,1
1613, ,0F-0G,0F,0G,23,77,NEW,FIX,1,1
1614, ,M6-0F,M6,0F,23,74,NEW,FIX,1,1
1615, ,M7-0F,M7,0F,23,73,NEW,FIX,1,1
1616, ,M8-0G,M8,0G,77,97,NEW,FIX,1,1
1617, ,M9-0G,M9,0G,70,77,NEW,FIX,1,1
1618, ,MU-W4,MU,W4,38,48,NEW,FIX,1,1
1619, ,M1-0H,M1,0H,4,30,NEW,FIX,1,1
1620, ,0H-0I,0H,0I,30,60,NEW,FIX,1,1
1621, ,LM-0I,LM,0I,60,98,NEW,FIX,1,1
1622, ,LF-0J,LF,0J,46,96,NEW,FIX,1,1
1623, ,LG-0J,LG,0J,46,88,NEW,FIX,1,1
1624, ,W7-0J,W7,0J,46,75,NEW,FIX,1,1
1625, ,WR-0K,WR,0K,63,64,NEW,FIX,1,1
1626, ,W8-0K,W8,0K,61,63,NEW,FIX,1,1
1627, ,KZ-0K,KZ,0K,63,69,NEW,FIX,1,1
1628, ,LN-0H,LN,0H,30,44,NEW,FIX,1,1
1629, ,WP-0L,WP,0L,52,62,NEW,FIX,1,1
1630, ,0L-0T,0L,0T,52,54,NEW,FIX,1,1
1631, ,0L-0M,0L,0M,2,52,NEW,FIX,1,1
1632, ,0M-0O,0M,0O,2,32,NEW,FIX,1,1
1633, ,0O-0P,0O,0P,22,32,NEW,FIX,1,1
1634, ,0O-0R,0O,0R,3,32,NEW,FIX,1,1
1635, ,0R-0S,0R,0S,3,93,NEW,FIX,1,1
1636, ,0M-0N,0M,0N,2,17,NEW,FIX,1,1
1637, ,0N-0R,0N,0R,3,17,NEW,FIX,1,1
1638, ,KQ-0N,KQ,0N,17,67,NEW,FIX,1,1
1639, ,WP-0T,WP,0T,54,62,NEW,FIX,1,1
1640, ,K0-0T,K0,0T,26,54,NEW,FIX,1,1
1641, ,K0-0P,K0,0P,22,26,NEW,FIX,1,1
1642, ,KX-0P,KX,0P,22,94,NEW,FIX,1,1
1643, ,KT-0R,KT,0R,1,3,NEW,FIX,1,1
1644, ,KT-0Q,KT,0Q,1,6,NEW,FIX,1,1
1645, ,KW-KX,KW,KX,66,94,NEW,FIX,1,1
1646, ,KX-0V,KX,0V,92,94,NEW,FIX,1,1
1647, ,KW-0V,KW,0V,66,92,NEW,FIX,1,1
1648, ,0K-0S,0K,0S,63,93,NEW,FIX,1,1
1649, ,KU-0Q,KU,0Q,6,76,NEW,FIX,1,1
1650, ,KV-0V,KV,0V,40,92,NEW,FIX,1,1
1651, ,KW-K1,KW,K1,66,78,MIS,FIX,1,1
1652, ,KW-0W,KW,0W,56,66,NEW,FIX,1,1
1653, ,LJ-0W,LJ,0W,12,56,NEW,FIX,1,1
1654, ,0W-0X,0W,0X,50,56,NEW,FIX,1,1
1655, ,0Q-0S,0Q,0S,6,93,NEW,FIX,1,1
1656, ,J1-KA,J1,KA,19,68,MIS,FIX,1,1
1657, ,RX-RZ,RX,RZ,50,51,MIS,FIX,0,1
1658, ,RY-RZ,RY,RZ,50,52,MIS,FIX,0,1
1659, ,RZ-R0,RZ,R0,49,50,MIS,FIX,0,1
1660, ,6R-IT,6R,IT,36,55,MIS,FIX,1,1
1661, ,DEL.KW-LJ,KW,LJ,12,66,DEL,DEL,0,1
1662, ,HG-T0,HG,T0,52,80,MIS,FIX,0,1
1663, ,LJ-LS,LJ,LS,12,68,NEW,FIX,1,1
1664, ,LO-0U,LO,0U,21,55,NEW,FIX,1,1
1665, ,YY-0U,YY,0U,55,57,NEW,FIX,1,1
1666, ,LK-0X,LK,0X,20,50,NEW,FIX,1,1
1667, ,LL-0X,LL,0X,50,95,NEW,FIX,1,1
1668, ,LQ-WN,LQ,WN,5,65,NEW,FIX,1,1
1669, ,WN-0U,WN,0U,55,65,NEW,FIX,1,1
1670, ,LR-WN,LR,WN,25,65,NEW,FIX,1,1
1671, ,KU-KV,KU,KV,40,76,NEW,FIX,0,1
1672, ,LK-LO,LK,LO,20,21,NEW,FIX,1,1
1673, ,LS-YY,LS,YY,57,68,NEW,FIX,1,1
1674, ,YY-0Y,YY,0Y,27,57,NEW,FIX,1,1
1675, ,K7-0Y,K7,0Y,27,53,NEW,FIX,1,1
1676, ,K2-0Z,K2,0Z,24,44,MIS,FIX,1,1
1677, ,GK-0Z,GK,0Z,18,44,NEW,FIX,1,1
1678, ,0Z-00,0Z,00,34,44,NEW,FIX,1,1
1679, ,K7-00,K7,00,34,53,NEW,FIX,1,1
1680, ,GR-00,GR,00,34,38,NEW,FIX,1,1
1681, ,GR-KM,GR,KM,38,61,NEW,FIX,1,1
1682, ,KK-KL,KK,KL,11,52,NEW,FIX,0,1
1683, ,KD-01,KD,01,32,48,NEW,FIX,1,1
1684, ,01-02,01,02,32,72,NEW,FIX,1,1
1685, ,KK-01,KK,01,32,52,NEW,FIX,1,1
1686, ,02-03,02,03,55,72,NEW,FIX,1,1
1687, ,KI-03,KI,03,50,55,NEW,FIX,1,1
1688, ,6Q-03,6Q,03,53,55,NEW,FIX,1,1
1689, ,04-05,04,05,1,62,NEW,FIX,1,1
1690, ,K8-05,K8,05,1,57,NEW,FIX,1,1
1691, ,S5-05,S5,05,1,81,NEW,FIX,0,1
1692, ,K8-06,K8,06,2,57,NEW,FIX,1,1
1693, ,06-07,06,07,2,74,NEW,FIX,1,1
1694, ,S7-06,S7,06,2,88,NEW,FIX,0,1
1695, ,08-09,08,09,18,78,NEW,FIX,1,1
1696, ,07-08,07,08,74,78,NEW,FIX,1,1
1697, ,LB-07,LB,07,4,74,NEW,FIX,1,1
1698, ,LB-LC,LB,LC,4,63,NEW,FIX,1,1
1699, ,MF-08,MF,08,5,78,NEW,FIX,1,1
1700, ,MA-MD,MA,MD,70,87,NEW,FIX,1,1
1701, ,MA-MI,MA,MI,70,80,NEW,FIX,1,1
1702, ,TB-TZ,TB,TZ,95,97,NEW,FIX,0,1
1703, ,ME-09,ME,09,18,22,NEW,FIX,1,1
1704, ,MC-09,MC,09,8,18,NEW,FIX,1,1
1705, ,K3-1D,K3,1D,66,73,NEW,FIX,1,1
1706, ,KM-1D,KM,1D,61,66,NEW,FIX,1,1
1707, ,1D-1E,1D,1E,64,66,NEW,FIX,1,1
1708, ,0Y-1E,0Y,1E,27,64,NEW,FIX,1,1
1709, ,LR-LS,LR,LS,25,68,NEW,FIX,1,1
1710, ,LQ-L6,LQ,L6,5,33,NEW,FIX,1,1
1711, ,LR-LV,LR,LV,17,25,NEW,FIX,0,1
1712, ,K4-LV,K4,LV,17,77,NEW,FIX,1,1
1713, ,K5-1E,K5,1E,64,74,NEW,FIX,1,1
1714, ,6P-L7,6P,L7,14,85,NEW,FIX,1,1
1715, ,TY-TZ,TY,TZ,94,95,MIS,FIX,0,1
1716, ,TE-TZ,TE,TZ,90,95,NEW,FIX,0,1
1717, ,LX-MB,LX,MB,15,71,NEW,FIX,1,1
1718, ,6P-1G,6P,1G,69,85,NEW,FIX,1,1
1719, ,LZ-1G,LZ,1G,59,69,NEW,FIX,1,1
1720, ,L0-1G,L0,1G,23,69,NEW,FIX,1,1
1721, ,LZ-L2,LZ,L2,29,59,NEW,FIX,1,1
1722, ,UN-WS,UN,WS,95,99,NEW,FIX,1,1
1723, ,KG-04,KG,04,62,69,NEW,FIX,1,1
1724, ,1F-1I,1F,1I,4,21,NEW,FIX,1,1
1725, ,ML-1F,ML,1F,21,24,NEW,FIX,1,1
1726, ,MM-1F,MM,1F,21,47,NEW,FIX,1,1
1727, ,ML-1I,ML,1I,4,24,NEW,FIX,1,1
1728, ,TJ-1I,TJ,1I,4,34,NEW,FIX,0,1
1729, ,LZ-MB,LZ,MB,59,71,NEW,FIX,1,1
1730, ,MG-1J,MG,1J,9,54,NEW,FIX,1,1
1731, ,OB-TO,OB,TO,18,38,NEW,FIX,0,1
1732, ,OF-1M,OF,1M,12,15,NEW,FIX,1,1
1733, ,OE-1K,OE,1K,8,28,NEW,FIX,1,1
1734, ,1K-1L,1K,1L,28,97,NEW,FIX,1,1
1735, ,1L-1M,1L,1M,12,97,NEW,FIX,1,1
1736, ,OG-1M,OG,1M,12,16,NEW,FIX,1,1
1737, ,OK-1L,OK,1L,17,97,NEW,FIX,1,1
1738, ,1K-1N,1K,1N,28,89,NEW,FIX,1,1
1739, ,OJ-TW,OJ,TW,2,10,NEW,FIX,0,1
1740, ,PH-1O,PH,1O,57,59,NEW,FIX,1,1
1741, ,OI-1O,OI,1O,11,57,NEW,FIX,1,1
1742, ,OI-1P,OI,1P,11,99,NEW,FIX,1,1
1743, ,PI-1P,PI,1P,9,99,NEW,FIX,1,1
1744, ,PH-1Q,PH,1Q,35,59,NEW,FIX,1,1
1745, ,PX-1Q,PX,1Q,35,71,NEW,FIX,1,1
1746, ,VJ-1R,VJ,1R,85,93,NEW,FIX,1,1
1747, ,1R-1S,1R,1S,48,85,NEW,FIX,1,1
1748, ,PS-1S,PS,1S,48,78,NEW,FIX,1,1
1749, ,1S-1T,1S,1T,48,90,NEW,FIX,1,1
1750, ,1U-1V,1U,1V,31,95,NEW,FIX,1,1
1751, ,O7-1V,O7,1V,58,95,NEW,FIX,1,1
1752, ,O8-1U,O8,1U,21,31,NEW,FIX,1,1
1753, ,N8-1U,N8,1U,13,31,NEW,FIX,1,1
1754, ,N8-1X,N8,1X,13,42,NEW,FIX,1,1
1755, ,N8-1Y,N8,1Y,3,13,NEW,FIX,1,1
1756, ,1Y-1Z,1Y,1Z,3,6,NEW,FIX,1,1
1757, ,NM-1Z,NM,1Z,6,49,NEW,FIX,1,1
1758, ,NX-1Z,NX,1Z,6,46,NEW,FIX,1,1
1759, ,NM-1X,NM,1X,42,49,NEW,FIX,1,1
1760, ,1Z-10,1Z,10,6,66,NEW,FIX,1,1
1761, ,O7-1T,O7,1T,58,90,NEW,FIX,1,1
1762, ,PE-1T,PE,1T,90,96,NEW,FIX,1,1
1763, ,PG-1N,PG,1N,89,98,NEW,FIX,1,1
1764, ,PG-1R,PG,1R,85,98,NEW,FIX,1,1
1765, ,12-N4,12,N4,14,94,NEW,FIX,1,1
1766, ,12-PE,12,PE,14,96,NEW,FIX,1,1
1767, ,12-N6,12,N6,14,65,NEW,FIX,1,1
1768, ,N7-1Y,N7,1Y,3,64,NEW,FIX,1,1
1769, ,N2-N3,N2,N3,52,56,NEW,FIX,1,1
1770, ,MR-1J,MR,1J,9,55,NEW,FIX,1,1
1771, ,MH-1J,MH,1J,9,60,NEW,FIX,1,1
1772, ,MG-MH,MG,MH,54,60,MIS,FIX,1,1
1773, ,13-NV,13,NV,40,97,NEW,FIX,1,1
1774, ,14-15,14,15,24,86,NEW,FIX,1,1
1775, ,13-10,13,10,66,97,NEW,FIX,1,1
1776, ,L3-L4,L3,L4,26,35,NEW,FIX,1,1
1777, ,14-L2,14,L2,24,29,NEW,FIX,1,1
1778, ,15-L5,15,L5,34,86,NEW,FIX,1,1
1779, ,L1-L5,L1,L5,34,39,NEW,FIX,0,1
1780, ,16-L3,16,L3,35,67,NEW,FIX,1,1
1781, ,15-16,15,16,67,86,NEW,FIX,1,1
1782, ,16-17,16,17,61,67,NEW,FIX,1,1
1783, ,17-L5,17,L5,34,61,NEW,FIX,1,1
1784, ,17-18,17,18,1,61,NEW,FIX,1,1
1785, ,18-LQ,18,LQ,1,5,NEW,FIX,1,1
1786, ,18-19,18,19,1,47,NEW,FIX,1,1
1787, ,19-LQ,19,LQ,5,47,NEW,FIX,1,1
1788, ,19-LU,19,LU,14,47,NEW,FIX,1,1
1789, ,OH-TX,OH,TX,1,19,NEW,FIX,0,1
1790, ,OK-1O,OK,1O,17,57,NEW,FIX,1,1
1791, ,2A-1Q,2A,1Q,3,35,NEW,FIX,0,1
1792, ,2B-2C,2B,2C,23,42,NEW,FIX,0,1
1793, ,PY-VS,PY,VS,83,86,NEW,FIX,1,1
1794, ,2C-PU,2C,PU,23,72,NEW,FIX,1,1
1795, ,PZ-VS,PZ,VS,60,83,NEW,FIX,1,1
1796, ,2D-2E,2D,2E,47,95,NEW,FIX,0,1
1797, ,2D-2F,2D,2F,35,95,NEW,FIX,0,1
1798, ,2D-PZ,2D,PZ,60,95,NEW,FIX,1,1
1799, ,2G-PT,2G,PT,8,76,NEW,FIX,0,1
1800, ,2H-PD,2H,PD,14,61,NEW,FIX,0,1
1801, ,PB-PC,PB,PC,69,77,MIS,FIX,1,1
1802, ,LU-MY,LU,MY,14,42,NEW,FIX,0,1
1803, ,2I-LU,2I,LU,14,63,NEW,FIX,1,1
1804, ,2J-2K,2J,2K,31,36,NEW,FIX,1,1
1805, ,2I-2J,2I,2J,36,63,NEW,FIX,1,1
1806, ,2K-MY,2K,MY,31,42,NEW,FIX,1,1
1807, ,2L-MY,2L,MY,42,64,NEW,FIX,1,1
1808, ,2L-0I,2L,0I,60,64,NEW,FIX,1,1
1809, ,2L-2M,2L,2M,64,94,NEW,FIX,1,1
1810, ,2K-MZ,2K,MZ,11,31,NEW,FIX,1,1
1811, ,2J-M2,2J,M2,16,36,NEW,FIX,1,1
1812, ,NC-NH,NC,NH,81,85,MIS,FIX,1,1
1813, ,NH-OX,NH,OX,9,85,MIS,FIX,1,1
1814, ,NH-NI,NH,NI,82,85,MIS,FIX,1,1
1815, ,2M-M1,2M,M1,4,94,NEW,FIX,1,1
1816, ,NI-NZ,NI,NZ,82,92,MIS,FIX,1,1
1817, ,M4-M5,M4,M5,18,48,NEW,FIX,1,1
1818, ,2I-2R,2I,2R,10,63,NEW,FIX,1,1
1819, ,2Q-2T,2Q,2T,53,73,NEW,FIX,1,1
1820, ,2P-2T,2P,2T,53,83,NEW,FIX,1,1
1821, ,2O-2P,2O,2P,83,93,NEW,FIX,1,1
1822, ,2P-2Q,2P,2Q,73,83,NEW,FIX,1,1
1823, ,2O-2R,2O,2R,10,93,NEW,FIX,1,1
1824, ,2Q-11,2Q,11,27,73,NEW,FIX,1,1
1825, ,10-11,10,11,27,66,NEW,FIX,1,1
1826, ,2S-11,2S,11,27,88,NEW,FIX,1,1
1827, ,2O-2S,2O,2S,88,93,NEW,FIX,1,1
1828, ,2S-M3,2S,M3,28,88,MIS,FIX,1,1
1829, ,2R-M3,2R,M3,10,28,NEW,FIX,1,1
1830, ,2R-M4,2R,M4,10,18,NEW,FIX,1,1
1831, ,2T-2U,2T,2U,53,99,NEW,FIX,1,1
1832, ,2U-NM,2U,NM,49,99,NEW,FIX,1,1
1833, ,2V-2W,2V,2W,32,89,NEW,FIX,1,1
1834, ,2U-2V,2U,2V,89,99,NEW,FIX,1,1
1835, ,2V-NZ,2V,NZ,89,92,NEW,FIX,1,1
1836, ,2W-OW,2W,OW,32,54,NEW,FIX,1,1
1837, ,2U-2X,2U,2X,80,99,NEW,FIX,1,1
1838, ,2X-O4,2X,O4,50,80,NEW,FIX,1,1
1839, ,2X-O3,2X,O3,57,80,NEW,FIX,1,1
1840, ,2W-OY,2W,OY,32,62,NEW,FIX,1,1
1841, ,2G-2H,2G,2H,8,14,NEW,FIX,0,1
1842, ,2H-O0,2H,O0,14,38,NEW,FIX,0,1
1843, ,2Y-2Z,2Y,2Z,11,12,NEW,FIX,0,1
1844, ,2G-2Z,2G,2Z,8,11,NEW,FIX,0,1
1845, ,2Y-O0,2Y,O0,12,38,NEW,FIX,0,1
1846, ,2Y-O1,2Y,O1,12,24,NEW,FIX,0,1
1847, ,O1-O2,O1,O2,24,39,NEW,FIX,1,1
1848, ,20-OU,20,OU,2,22,NEW,FIX,1,1
1849, ,20-OW,20,OW,2,54,NEW,FIX,1,1
1850, ,20-21,20,21,2,29,NEW,FIX,1,1
1851, ,21-OU,21,OU,22,29,NEW,FIX,1,1
1852, ,21-OX,21,OX,9,29,NEW,FIX,1,1
1853, ,22-OV,22,OV,8,59,NEW,FIX,1,1
1854, ,22-O2,22,O2,39,59,NEW,FIX,1,1
1855, ,22-23,22,23,59,78,NEW,FIX,1,1
1856, ,23-OV,23,OV,8,78,NEW,FIX,1,1
1857, ,23-0E,23,0E,71,78,NEW,FIX,1,1
1858, ,25-T0,25,T0,52,57,NEW,FIX,1,1
1859, ,24-Z2,24,Z2,47,77,NEW,FIX,1,1
1860, ,24-25,24,25,47,57,NEW,FIX,1,1
1861, ,24-26,24,26,47,97,NEW,FIX,1,1
1862, ,26-AE,26,AE,11,97,NEW,FIX,1,1
1863, ,26-AF,26,AF,15,97,NEW,FIX,1,1
1864, ,AA-26,AA,26,46,97,NEW,FIX,1,1
1865, ,AD-AE,AD,AE,11,94,NEW,FIX,1,1
1866, ,29-3A,29,3A,4,85,NEW,FIX,1,1
1867, ,3A-AG,3A,AG,1,85,NEW,FIX,1,1
1868, ,3A-3B,3A,3B,74,85,NEW,FIX,1,1
1869, ,25-3B,25,3B,57,74,NEW,FIX,1,1
1870, ,3B-SD,3B,SD,71,74,NEW,FIX,1,1
1871, ,3C-AG,3C,AG,1,31,NEW,FIX,1,1
1872, ,3D-AO,3D,AO,3,99,NEW,FIX,1,1
1873, ,3D-3E,3D,3E,39,99,NEW,FIX,1,1
1874, ,3E-3F,3E,3F,39,67,NEW,FIX,1,1
1875, ,3F-3G,3F,3G,5,67,NEW,FIX,1,1
1876, ,3G-3H,3G,3H,5,92,NEW,FIX,1,1
1877, ,3H-SE,3H,SE,8,92,NEW,FIX,1,1
1878, ,3E-SE,3E,SE,8,39,NEW,FIX,1,1
1879, ,3D-SE,3D,SE,8,99,NEW,FIX,1,1
1880, ,3I-AO,3I,AO,3,95,NEW,FIX,1,1
1881, ,3F-3I,3F,3I,67,95,NEW,FIX,1,1
1882, ,3I-AJ,3I,AJ,26,95,NEW,FIX,1,1
1883, ,3G-AN,3G,AN,5,96,NEW,FIX,1,1
1884, ,3H-3J,3H,3J,56,92,NEW,FIX,1,1
1885, ,3J-AN,3J,AN,56,96,NEW,FIX,1,1
1886, ,3J-AM,3J,AM,6,56,NEW,FIX,1,1
1887, ,3K-AQ,3K,AQ,31,34,NEW,FIX,1,1
1888, ,3K-3L,3K,3L,34,95,NEW,FIX,1,1
1889, ,3L-3M,3L,3M,22,95,NEW,FIX,1,1
1890, ,3M-3N,3M,3N,22,72,NEW,FIX,1,1
1891, ,3N-3O,3N,3O,72,77,NEW,FIX,1,1
1892, ,3O-CI,3O,CI,77,86,NEW,FIX,1,1
1893, ,3O-CH,3O,CH,32,77,NEW,FIX,1,1
1894, ,3N-3P,3N,3P,52,72,NEW,FIX,1,1
1895, ,3M-CE,3M,CE,20,22,NEW,FIX,1,1
1896, ,3P-CA,3P,CA,39,52,NEW,FIX,1,1
1897, ,3P-CF,3P,CF,52,58,NEW,FIX,1,1
1898, ,3L-CJ,3L,CJ,15,95,NEW,FIX,1,1
1899, ,3Q-BT,3Q,BT,65,81,NEW,FIX,1,1
1900, ,3Q-B1,3Q,B1,50,81,NEW,FIX,1,1
1901, ,3Z-DK,3Z,DK,1,26,NEW,FIX,1,1
1902, ,3Z-33,3Z,33,1,21,NEW,FIX,1,1
1903, ,33-DL,33,DL,21,65,NEW,FIX,1,1
1904, ,33-DA,33,DA,21,30,NEW,FIX,1,1
1905, ,3Z-30,3Z,30,1,8,NEW,FIX,1,1
1906, ,30-DB,30,DB,8,48,NEW,FIX,1,1
1907, ,30-31,30,31,8,94,NEW,FIX,1,1
1908, ,31-32,31,32,59,94,NEW,FIX,1,1
1909, ,31-DD,31,DD,61,94,NEW,FIX,1,1
1910, ,3T-DD,3T,DD,61,90,NEW,FIX,1,1
1911, ,3T-DC,3T,DC,68,90,NEW,FIX,1,1
1912, ,3S-3T,3S,3T,76,90,NEW,FIX,1,1
1913, ,3R-3S,3R,3S,71,76,NEW,FIX,1,1
1914, ,3Q-3R,3Q,3R,71,81,NEW,FIX,1,1
1915, ,3R-BR,3R,BR,54,71,NEW,FIX,1,1
1916, ,3V-BQ,3V,BQ,35,44,NEW,FIX,1,1
1917, ,3V-BU,3V,BU,35,45,NEW,FIX,1,1
1918, ,3W-3X,3W,3X,32,82,NEW,FIX,1,1
1919, ,3X-BV,3X,BV,38,82,NEW,FIX,1,1
1920, ,3X-3Y,3X,3Y,2,82,NEW,FIX,1,1
1921, ,3Y-BV,3Y,BV,2,38,NEW,FIX,1,1
1922, ,3Y-B0,3Y,B0,2,62,NEW,FIX,1,1
1923, ,34-35,34,35,13,58,NEW,FIX,1,1
1924, ,34-AD,34,AD,58,94,NEW,FIX,1,1
1925, ,34-AC,34,AC,58,83,NEW,FIX,1,1
1926, ,35-36,35,36,13,63,NEW,FIX,1,1
1927, ,4A-AC,4A,AC,83,89,NEW,FIX,1,1
1928, ,4A-4B,4A,4B,48,89,NEW,FIX,1,1
1929, ,4B-BG,4B,BG,42,48,NEW,FIX,1,1
1930, ,36-4C,36,4C,63,68,NEW,FIX,1,1
1931, ,4A-BI,4A,BI,76,89,NEW,FIX,1,1
1932, ,4C-BG,4C,BG,42,68,NEW,FIX,1,1
1933, ,39-4C,39,4C,18,68,NEW,FIX,1,1
1934, ,38-39,38,39,18,88,NEW,FIX,1,1
1935, ,3W-38,3W,38,32,88,NEW,FIX,1,1
1936, ,3V-3W,3V,3W,32,35,NEW,FIX,1,1
1937, ,3W-BO,3W,BO,32,64,NEW,FIX,1,1
1938, ,35-38,35,38,13,88,NEW,FIX,1,1
1939, ,39-BH,39,BH,18,34,NEW,FIX,1,1
1940, ,BH-WF,BH,WF,30,34,NEW,FIX,1,1
1941, ,BO-WF,BO,WF,30,64,NEW,FIX,1,1
1942, ,DEL.D2-D9,D2,D9,-1,85,DEL,DEL,1,1
1943, ,4D-V1,4D,V1,13,74,NEW,FIX,1,1
1944, ,4D-WF,4D,WF,30,74,NEW,FIX,1,1
1945, ,4D-EA,4D,EA,70,74,NEW,FIX,1,1
1946, ,4D-4E,4D,4E,74,84,NEW,FIX,1,1
1947, ,4E-4F,4E,4F,69,84,NEW,FIX,1,1
1948, ,4F-BO,4F,BO,64,69,NEW,FIX,1,1
1949, ,4F-BP,4F,BP,55,69,NEW,FIX,1,1
1950, ,4I-BP,4I,BP,15,55,NEW,FIX,1,1
1951, ,4I-BQ,4I,BQ,15,44,NEW,FIX,1,1
1952, ,4I-4J,4I,4J,6,15,NEW,FIX,1,1
1953, ,4J-BR,4J,BR,6,54,NEW,FIX,1,1
1954, ,4H-4J,4H,4J,6,16,NEW,FIX,1,1
1955, ,4H-BP,4H,BP,16,55,NEW,FIX,1,1
1956, ,4G-ED,4G,ED,53,77,NEW,FIX,1,1
1957, ,4G-4H,4G,4H,16,53,NEW,FIX,1,1
1958, ,4G-EB,4G,EB,53,63,NEW,FIX,1,1
1959, ,4E-4G,4E,4G,53,84,NEW,FIX,1,1
1960, ,3U-ED,3U,ED,77,96,NEW,FIX,1,1
1961, ,3U-DE,3U,DE,73,96,NEW,FIX,1,1
1962, ,3S-3U,3S,3U,76,96,NEW,FIX,1,1
1963, ,4K-ED,4K,ED,14,77,NEW,FIX,1,1
1964, ,4K-EF,4K,EF,14,74,NEW,FIX,1,1
1965, ,4K-4L,4K,4L,10,14,NEW,FIX,1,1
1966, ,4L-DF,4L,DF,10,67,NEW,FIX,1,1
1967, ,4L-EF,4L,EF,10,74,NEW,FIX,1,1
1968, ,EN-SC,EN,SC,4,81,MIS,FIX,1,1
1969,6190-6191,GG-GH,GG,GH,5,14,FIX,FIX,0,1
1970, ,DEL.D9-EN,D9,EN,-1,81,DEL,DEL,1,1
1971, ,EA-EN,EA,EN,70,81,NEW,FIX,1,1
1972, ,DEL.GP-KC,GP,KC,46,58,DEL,DEL,1,1
1973, ,GP-KC,GP,KC,46,58,NEW,FIX,1,1
1974, ,4N-KG,4N,KG,67,69,NEW,FIX,1,1
1975, ,4O-02,4O,02,71,72,NEW,FIX,1,1
1976, ,4N-4O,4N,4O,67,71,NEW,FIX,1,1
1977, ,4O-4P,4O,4P,71,77,NEW,FIX,1,1
1978, ,4P-KE,4P,KE,45,77,NEW,FIX,1,1
1979, ,4P-KF,4P,KF,64,77,NEW,FIX,1,1
1980, ,4N-KF,4N,KF,64,67,NEW,FIX,1,1
1981, ,4Q-GZ,4Q,GZ,44,70,NEW,FIX,1,1
1982, ,4Q-G0,4Q,G0,30,70,NEW,FIX,1,1
1983, ,4Q-4R,4Q,4R,70,84,NEW,FIX,1,1
1984, ,4R-GZ,4R,GZ,44,84,NEW,FIX,1,1
1985, ,4R-4S,4R,4S,84,89,NEW,FIX,1,1
1986, ,4S-4T,4S,4T,82,89,NEW,FIX,1,1
1987, ,4T-GW,4T,GW,42,82,NEW,FIX,1,1
1988, ,4T-KE,4T,KE,45,82,NEW,FIX,1,1
1989, ,GW-GX,GW,GX,42,56,NEW,FIX,1,1
1990, ,4S-4U,4S,4U,86,89,NEW,FIX,1,1
1991, ,4U-GY,4U,GY,40,86,NEW,FIX,1,1
1992, ,4U-4V,4U,4V,54,86,NEW,FIX,1,1
1993, ,4V-G1,4V,G1,39,54,NEW,FIX,1,1
1994, ,4V-4W,4V,4W,14,54,NEW,FIX,1,1
1995, ,4W-43,4W,43,14,80,NEW,FIX,1,1
1996, ,43-GY,43,GY,40,80,NEW,FIX,1,1
1997, ,43-GC,43,GC,35,80,NEW,FIX,1,1
1998, ,4X-GC,4X,GC,15,35,NEW,FIX,1,1
1999, ,4X-GD,4X,GD,15,34,NEW,FIX,1,1
2000, ,4Z-GE,4Z,GE,25,50,NEW,FIX,1,1
2001, ,4Z-FX,4Z,FX,22,50,NEW,FIX,1,1
2002, ,44-FU,44,FU,6,17,NEW,FIX,1,1
2003, ,44-45,44,45,17,52,NEW,FIX,1,1
2004, ,44-FY,44,FY,11,17,NEW,FIX,1,1
2005, ,45-FR,45,FR,52,92,NEW,FIX,1,1
2006, ,45-EU,45,EU,52,85,NEW,FIX,1,1
2007, ,42-GB,42,GB,32,38,NEW,FIX,1,1
2008, ,42-GA,42,GA,31,38,NEW,FIX,1,1
2009, ,41-42,41,42,38,57,NEW,FIX,1,1
2010, ,4Y-4Z,4Y,4Z,5,50,NEW,FIX,1,1
2011, ,4X-4Y,4X,4Y,5,15,NEW,FIX,1,1
2012, ,4Y-41,4Y,41,5,57,NEW,FIX,1,1
2013, ,40-41,40,41,18,57,NEW,FIX,1,1
2014, ,4W-40,4W,40,14,18,NEW,FIX,1,1
2015, ,40-GC,40,GC,18,35,NEW,FIX,1,1
2016, ,40-GA,40,GA,18,31,NEW,FIX,1,1
2017, ,46-F6,46,F6,20,23,NEW,FIX,1,1
2018, ,47-F7,47,F7,48,97,NEW,FIX,1,1
2019, ,47-48,47,48,36,48,NEW,FIX,1,1
2020, ,48-FP,48,FP,36,96,NEW,FIX,1,1
2021, ,48-49,48,49,36,66,NEW,FIX,1,1
2022, ,49-FO,49,FO,59,66,NEW,FIX,1,1
2023, ,49-FP,49,FP,66,96,NEW,FIX,1,1
2024, ,FQ-SY,FQ,SY,62,98,NEW,FIX,1,1
2025, ,FK-FQ,FK,FQ,26,62,NEW,FIX,1,1
2026, ,5A-5B,5A,5B,49,64,NEW,FIX,1,1
2027, ,5A-F3,5A,F3,47,49,NEW,FIX,1,1
2028, ,5A-F4,5A,F4,28,49,NEW,FIX,1,1
2029, ,5B-ET,5B,ET,64,68,NEW,FIX,1,1
2030, ,5B-1C,5B,1C,53,64,NEW,FIX,1,1
2031, ,5C-E1,5C,E1,74,89,NEW,FIX,1,1
2032, ,5C-FJ,5C,FJ,74,94,NEW,FIX,1,1
2033, ,5E-ES,5E,ES,56,76,NEW,FIX,1,1
2034, ,DG-EW,DG,EW,13,97,NEW,FIX,1,1
2035, ,32-DI,32,DI,59,99,NEW,FIX,1,1
2036, ,32-DH,32,DH,59,70,NEW,FIX,1,1
2037, ,31-DH,31,DH,70,94,NEW,FIX,1,1
2038, ,5F-DP,5F,DP,25,49,NEW,FIX,1,1
2039, ,5F-5G,5F,5G,25,93,NEW,FIX,1,1
2040, ,5G-5K,5G,5K,82,93,NEW,FIX,1,1
2041, ,5G-EW,5G,EW,13,93,NEW,FIX,1,1
2042, ,5H-ER,5H,ER,2,71,NEW,FIX,1,1
2043, ,5H-E2,5H,E2,2,72,NEW,FIX,1,1
2044, ,5H-5I,5H,5I,2,45,NEW,FIX,1,1
2045, ,5I-5J,5I,5J,40,45,NEW,FIX,1,1
2046, ,5I-E2,5I,E2,45,72,NEW,FIX,1,1
2047, ,5I-E1,5I,E1,45,89,NEW,FIX,1,1
2048, ,5C-EZ,5C,EZ,74,81,NEW,FIX,1,1
2049, ,5J-EZ,5J,EZ,40,81,NEW,FIX,1,1
2050, ,EQ-EX,EQ,EX,24,69,MIS,FIX,1,1
2051, ,5M-EX,5M,EX,24,54,NEW,FIX,1,1
2052, ,5M-E3,5M,E3,54,75,NEW,FIX,1,1
2053, ,5M-5N,5M,5N,54,98,NEW,FIX,1,1
2054, ,5N-DQ,5N,DQ,5,98,NEW,FIX,1,1
2055, ,5N-DR,5N,DR,3,98,NEW,FIX,1,1
2056, ,D1-FE,D1,FE,18,52,NEW,FIX,1,1
2057, ,5O-E4,5O,E4,38,73,NEW,FIX,1,1
2058, ,5O-E5,5O,E5,73,80,NEW,FIX,1,1
2059, ,5Q-E5,5Q,E5,30,80,NEW,FIX,1,1
2060, ,5Q-E3,5Q,E3,30,75,NEW,FIX,1,1
2061, ,5Q-EZ,5Q,EZ,30,81,NEW,FIX,1,1
2062, ,5O-5P,5O,5P,39,73,NEW,FIX,1,1
2063, ,5P-E6,5P,E6,17,39,NEW,FIX,1,1
2064, ,5P-E7,5P,E7,39,77,NEW,FIX,1,1
2065, ,E7-SS,E7,SS,9,77,NEW,FIX,0,1
2066, ,5T-DV,5T,DV,28,42,NEW,FIX,1,1
2067, ,5T-DW,5T,DW,6,28,NEW,FIX,1,1
2068, ,5T-5U,5T,5U,28,71,NEW,FIX,1,1
2069, ,5U-DW,5U,DW,6,71,NEW,FIX,1,1
2070, ,5U-DX,5U,DX,60,71,NEW,FIX,1,1
2071, ,5V-5Z,5V,5Z,56,58,NEW,FIX,0,1
2072, ,5V-C1,5V,C1,58,82,NEW,FIX,1,1
2073, ,5V-5W,5V,5W,58,68,NEW,FIX,1,1
2074, ,5W-5X,5W,5X,8,68,NEW,FIX,1,1
2075, ,C6-5X,C6,5X,8,57,NEW,FIX,1,1
2076, ,C4-5X,C4,5X,8,40,NEW,FIX,1,1
2077, ,C4-5W,C4,5W,40,68,NEW,FIX,1,1
2078, ,C6-5Y,C6,5Y,24,57,NEW,FIX,1,1
2079, ,C7-5Y,C7,5Y,24,74,NEW,FIX,1,1
2080, ,50-51,50,51,50,97,NEW,FIX,1,1
2081, ,50-CQ,50,CQ,10,50,NEW,FIX,1,1
2082, ,50-DS,50,DS,23,50,NEW,FIX,1,1
2083, ,51-CQ,51,CQ,10,97,NEW,FIX,1,1
2084, ,51-CP,51,CP,90,97,NEW,FIX,1,1
2085, ,5S-5Y,5S,5Y,24,48,NEW,FIX,1,1
2086, ,5R-5S,5R,5S,48,75,NEW,FIX,1,1
2087, ,5S-53,5S,53,23,48,NEW,FIX,1,1
2088, ,53-6M,53,6M,23,93,NEW,FIX,1,1
2089, ,53-6N,53,6N,23,80,NEW,FIX,1,1
2090, ,6N-A9,6N,A9,80,83,NEW,FIX,1,1
2091, ,6N-BA,6N,BA,53,80,NEW,FIX,1,1
2092, ,6M-BA,6M,BA,53,93,NEW,FIX,0,1
2093, ,56-A2,56,A2,39,70,NEW,FIX,1,1
2094, ,56-A1,56,A1,38,70,NEW,FIX,1,1
2095, ,57-CX,57,CX,46,85,NEW,FIX,1,1
2096, ,55-57,55,57,9,46,NEW,FIX,1,1
2097, ,54-55,54,55,9,65,NEW,FIX,1,1
2098, ,54-56,54,56,65,70,NEW,FIX,1,1
2099, ,5R-54,5R,54,65,75,NEW,FIX,1,1
2100, ,5R-52,5R,52,26,75,NEW,FIX,1,1
2101, ,C3-52,C3,52,20,26,NEW,FIX,1,1
2102, ,57-58,57,58,46,66,NEW,FIX,1,1
2103, ,58-CP,58,CP,66,90,NEW,FIX,1,1
2104, ,6G-CO,6G,CO,11,78,NEW,FIX,1,1
2105, ,59-6G,59,6G,69,78,NEW,FIX,1,1
2106, ,6G-AW,6G,AW,78,88,NEW,FIX,1,1
2107, ,6A-1H,6A,1H,45,99,NEW,FIX,1,1
2108, ,6B-6C,6B,6C,5,59,NEW,FIX,1,1
2109, ,6A-6C,6A,6C,5,45,NEW,FIX,1,1
2110, ,6A-6B,6A,6B,45,59,NEW,FIX,1,1
2111, ,6F-AU,6F,AU,26,30,NEW,FIX,1,1
2112, ,6D-6F,6D,6F,30,96,NEW,FIX,1,1
2113, ,6B-6D,6B,6D,59,96,NEW,FIX,1,1
2114, ,6D-6E,6D,6E,40,96,NEW,FIX,1,1
2115, ,6C-6E,6C,6E,5,40,NEW,FIX,1,1
2116, ,59-1H,59,1H,69,99,NEW,FIX,1,1
2117, ,6E-AW,6E,AW,40,88,NEW,FIX,1,1
2118, ,6F-AW,6F,AW,30,88,NEW,FIX,1,1
2119, ,6F-AX,6F,AX,30,33,NEW,FIX,1,1
2120, ,46-1C,46,1C,23,53,NEW,FIX,1,1
2121, ,6K-AR,6K,AR,2,83,NEW,FIX,1,1
2122, ,3K-6K,3K,6K,34,83,NEW,FIX,1,1
2123, ,6K-6L,6K,6L,16,83,NEW,FIX,1,1
2124, ,6L-AZ,6L,AZ,16,80,NEW,FIX,1,1
2125, ,6L-AQ,6L,AQ,16,31,NEW,FIX,1,1
2126, ,6H-6J,6H,6J,47,62,NEW,FIX,1,1
2127, ,6H-CM,6H,CM,14,62,NEW,FIX,1,1
2128, ,6H-6I,6H,6I,31,62,NEW,FIX,1,1
2129, ,6I-DT,6I,DT,27,31,NEW,FIX,1,1
2130, ,59-6I,59,6I,31,69,NEW,FIX,1,1
2131, ,6J-DM,6J,DM,36,47,NEW,FIX,1,1
2132, ,6J-CG,6J,CG,47,64,NEW,FIX,1,1
2133, ,58-1H,58,1H,66,99,NEW,FIX,1,1
2134, ,I9-ZL,I9,ZL,40,49,NEW,FIX,1,1
2135, ,JL-ZL,JL,ZL,49,54,NEW,FIX,1,1
2136, ,4M-JL,4M,JL,54,81,NEW,FIX,1,1
2137, ,4M-JK,4M,JK,77,81,NEW,FIX,1,1
2138, ,4M-6T,4M,6T,57,81,NEW,FIX,1,1
2139, ,6T-P4,6T,P4,9,57,NEW,FIX,1,1
2140, ,6T-P5,6T,P5,57,64,NEW,FIX,1,1
2141, ,DEL.H0-H2,H0,H2,18,73,DEL,DEL,0,1
2142, ,R0-X9,R0,X9,49,61,NEW,FIX,1,1
2143, ,RI-YF,RI,YF,62,92,NEW,FIX,1,1
2144, ,R1-X9,R1,X9,13,61,NEW,FIX,1,1
2145, ,RM-YN,RM,YN,18,98,NEW,FIX,1,1
2146, ,YK-YN,YK,YN,NaN,NaN,NEW,FIX,1,1
2147, ,6O-XS,6O,XS,NaN,NaN,NEW,FIX,1,1
2148, ,Q5-YS,Q5,YS,24,88,NEW,FIX,1,1
2149, ,6P-LX,6P,LX,15,85,NEW,FIX,1,1
2150, ,J4-Z9,J4,Z9,2,9,NEW,FIX,1,1
2151, ,NS-Z9,NS,Z9,2,41,NEW,FIX,1,1
2152, ,4N-6Q,4N,6Q,53,67,NEW,FIX,1,1
2153, ,6Q-04,6Q,04,53,62,NEW,FIX,1,1
2154, ,6R-HA,6R,HA,55,89,NEW,FIX,1,1
2155, ,6R-G9,6R,G9,55,95,NEW,FIX,1,1
2156, ,6S-W0,6S,W0,18,80,NEW,FIX,1,1
2157, ,6S-W2,6S,W2,18,72,NEW,FIX,1,1
2158, ,OH-OK,OH,OK,17,19,NEW,FIX,0,1
2159, ,C9-52,C9,52,26,44,NEW,FIX,1,1
2160, ,55-A1,55,A1,9,38,NEW,FIX,1,1
2161, ,S3-S4,S3,S4,4,8,MIS,FIX,0,1
2162, ,ES-1C,ES,1C,53,76,NEW,FIX,1,1
2163, ,13-L4,13,L4,26,97,NEW,FIX,1,1
2164, ,14-L4,14,L4,24,26,NEW,FIX,1,1
2165, ,2M-M0,2M,M0,90,94,NEW,FIX,1,1
2166, ,O5-1X,O5,1X,42,75,NEW,FIX,1,1
2167, ,O5-1V,O5,1V,75,95,NEW,FIX,1,1
2168, ,29-AF,29,AF,4,15,NEW,FIX,1,1
2169, ,29-3C,29,3C,4,31,NEW,FIX,1,1
2170, ,3C-AO,3C,AO,3,31,NEW,FIX,1,1
2171, ,36-4A,36,4A,63,89,NEW,FIX,1,1
2172, ,36-4B,36,4B,48,63,NEW,FIX,1,1
2173, ,Z3-1W,Z3,1W,4,64,NEW,FIX,1,1
2174, ,Z3-0C,Z3,0C,4,18,NEW,FIX,1,1
2175, ,BC-Z3,BC,Z3,4,45,NEW,FIX,1,1
2176, ,0C-1W,0C,1W,18,64,NEW,FIX,1,1
2177, ,0C-1A,0C,1A,18,86,NEW,FIX,1,1
2178, ,1A-1W,1A,1W,64,86,NEW,FIX,1,1
2179, ,SF-1A,SF,1A,29,86,NEW,FIX,1,1
2180, ,27-28,27,28,44,63,NEW,FIX,1,1
2181, ,28-46,28,46,23,44,NEW,FIX,1,1
2182, ,27-46,27,46,23,63,NEW,FIX,1,1
2183, ,28-47,28,47,44,48,NEW,FIX,1,1
2184, ,27-FO,27,FO,59,63,NEW,FIX,1,1
2185, ,D2-EA,D2,EA,70,85,NEW,FIX,1,1
2186, ,JN-JO,JN,JO,28,58,MIS,FIX,1,1
2187, ,D8-VT,D8,VT,43,44,NEW,FIX,1,1
2188, ,D8-Z6,D8,Z6,23,43,NEW,FIX,1,1
2189, ,D8-VQ,D8,VQ,43,46,NEW,FIX,1,1
2190, ,Q5-YQ,Q5,YQ,38,88,NEW,FIX,1,1
2191, ,5J-EY,5J,EY,40,84,NEW,FIX,1,1
2192, ,37-MC,37,MC,8,58,NEW,FIX,1,1
2193, ,37-L9,37,L9,58,76,NEW,FIX,1,1
2194, ,L9-UX,L9,UX,16,76,NEW,FIX,1,1
2195, ,MB-UX,MB,UX,16,71,NEW,FIX,1,1
2196, ,37-UX,37,UX,16,58,NEW,FIX,1,1
2197, ,U6-1N,U6,1N,81,89,NEW,FIX,1,1
2198, ,OJ-U6,OJ,U6,10,81,NEW,FIX,1,1
2199, ,U6-VJ,U6,VJ,81,93,NEW,FIX,1,1
2200, ,4H-ED,4H,ED,16,77,NEW,FIX,1,1
2201,6115-6116,EG-EH,EG,EH,88,95,FIX,FIX,1,1
2202, ,VJ-1P,VJ,1P,93,99,NEW,FIX,1,1
2203, ,2C-VS,2C,VS,23,83,NEW,FIX,1,1
2204, ,5K-EQ,5K,EQ,69,82,NEW,FIX,1,1
2205, ,5K-ER,5K,ER,71,82,NEW,FIX,1,1
2206, ,5F-DI,5F,DI,25,99,NEW,FIX,1,1
2207, ,5E-ER,5E,ER,56,71,NEW,FIX,1,1
2208, ,5E-EV,5E,EV,56,83,NEW,FIX,1,1
2209, ,5D-5L,5D,5L,73,89,NEW,FIX,1,1
2210, ,5L-ON,5L,ON,50,73,NEW,FIX,1,1
2211, ,5D-N1,5D,N1,85,89,NEW,FIX,1,1
2212, ,5D-N0,5D,N0,65,89,NEW,FIX,1,1
2213, ,WW-YI,WW,YI,67,77,NEW,FIX,1,1
